title,series_launch_year,season_count,total,average,1s,2s,3s,4s,5s
07Ghost,2011,1,2339,4.5,56,62,136,523,1.6
11eyes,2009,1,3515,4,321,185,450,887,1.7
16bitSensation:AnotherLayer,2023,1,1508,4.5,92,37,70,188,1.1
18if,2017,1,438,3.4,84,42,88,74,150
2.43:SeiinHighSchoolBoysVolleyballTeam,2022,1,1105,4.1,62,47,125,306,565
86EIGHTY-SIX,2021,1,52155,4.9,346,186,525,2,49
91Days,2016,1,6034,4.7,76,76,257,917,4.7
\u003cDOGEZA\u003eITriedAskingWhileKowtowing.,2020,1,975,3,357,62,128,74,354
ABridgetotheStarrySkies-HoshizoraeKakaruHashi,2011,1,2108,4.4,73,59,188,486,1.3
ACentaur'sLife,2017,1,1730,3.8,231,116,238,386,759
ACertainMagicalIndex,2022,1,3775,4.4,148,113,345,727,2.4
ACertainScientificAccelerator,2019,1,2480,4.5,61,49,164,417,1.8
ACertainScientificRailgun,2022,1,3281,4.7,76,38,124,408,2.6
ACoupleofCuckoos,2022,1,27478,4.5,862,631,1.7,4.3,20.1
ADestructiveGodSitsNexttoMe,2020,1,1001,4,110,46,102,189,554
AGalaxyNextDoor,2023,1,11544,4.7,135,172,539,1.4,9.3
AGirl\u0026HerGuardDog,2023,1,6498,4,1.1,204,330,516,4.3
AHerbivorousDragonof5,2023,1,4752,4.2,475,135,302,852,3
APlaceFurtherThantheUniverse,2018,1,4792,4.8,65,28,74,296,4.3
APlaythroughofaCertainDude'sVRMMOLife,2023,1,7295,4.5,374,245,476,786,5.4
AReturner'sMagicShouldBeSpecial,2023,1,9698,4.8,166,89,241,671,8.5
ASister'sAllYouNeed.,2017,1,3391,4.4,232,79,211,600,2.3
ATalkonTitan,2018,1,224,1.5,185,7,9,2,21
A3!,2022,2,439,4.3,29,21,35,64,290
ABCieeWorkingDiary,2021,1,120,3.5,22,7,23,22,46
AbsoluteDuo,2015,1,4152,4.3,132,157,410,950,2.5
AceAttorney,2016,2,2713,4.3,183,101,178,442,1.8
AceoftheDiamond,2013,3,5267,4.8,81,33,77,295,4.8
ActiveRaid,2016,2,253,3.3,50,28,42,57,76
Actors:SongsConnection,2022,1,202,4,19,15,31,28,109
AdachiandShimamura,2022,1,3047,4.5,96,59,190,470,2.2
AfricaSalaryman,2022,1,204,3.6,37,16,24,33,94
AfterSchoolDiceClub,2022,1,709,4.5,16,22,35,161,475
After-schoolHanako-kun,2023,1,3081,4.8,94,37,60,131,2.8
AFTERLOST,2022,1,393,3.9,36,31,45,94,187
Aharen-sanwaHakarenai,2022,1,21431,4.7,374,250,872,2.5,17.4
AhirunoSora,2019,1,3791,4.5,151,62,191,619,2.8
AHO-GIRL,2017,1,3449,4.4,134,96,272,688,2.3
Ai-Mai-Mi,2012,1,174,3.3,40,19,31,16,68
Ai-Mai-MiMousouCatastrophe,2014,1,96,3.3,22,7,23,7,37
Ai-Mai-MiSurgicalFriends,2017,1,212,2.8,91,11,34,10,66
AirMaster,2009,1,1362,4.3,87,41,122,294,818
AIURA,2013,1,291,4.2,9,16,40,59,167
Akagi(Drama),2015,1,136,3,54,9,8,17,48
AkashicRecordsofBastardMagicInstructor,2017,1,18668,4.6,278,256,1,3.1,14
Akebi'sSailorUniform,2022,1,6622,4.7,183,94,244,677,5.4
AkibaMaidWar,2022,1,1420,4.4,111,28,51,192,1
Akiba'sTripTheAnimation,2017,1,770,4.2,48,28,74,167,453
AkudamaDrive,2022,1,7646,4.7,129,81,303,1.1,6
AlderaminontheSky,2016,1,5839,4.7,77,50,207,814,4.7
AtelierRyza:EverDarkness\u0026theSecretHideoutTheAnimation,2023,1,3815,4.3,72,93,267,630,2
AttackonTitan,2013,5,213389,4.9,44,30,88,260,1
AttackonTitanMovies,2021,1,1223,4.6,29,20,70,170,1.2
Aware!Meisaku-kun,2021,1,78,3.2,128,26,26,152,2.6
AYAKA,2023,1,4507,4.3,1.1,756,1.7,3.4,16.1
AyakashiTriangle,2023,1,4104,4,99,86,185,407,1
AZURLANE,2022,1,1697,4.4,19,10,21,49,164
BACKARROW,2023,1,627,4.1,33,6,18,19,79
Backflip!!,2021,2,3113,4.7,271,225,763,1.9,5.5
Bananya,2016,2,1780,4.5,102,41,97,57,187
BanGDream!It'sMyGO!!!!!,2023,1,877,4.4,46,2,10,7,36
BanGDream!Movies,2022,4,362,4.6,27,17,28,81,175
BanishedfromtheHero'sParty,2022,1,23014,4.7,254,218,587,1.3,6
BanprestoWorldFigureColosseum,2017,1,60,2.7,17,16,46,155,583
Barakamon,2014,1,4775,4.9,50,3,5,11,21
Basilisk:TheOukaNinjaScrolls,2018,1,1068,3.6,8,11,24,60,195
BASTIONS,2023,1,1546,2.1,86,5,5,7,36
BattleAthletesVictoryReSTART!,2022,1,128,3.4,18,13,32,77,562
BattleGamein5Seconds,2021,1,8333,4.5,86,13,13,69,472
BattleGirls-TimeParadox,2011,1,850,4.3,26,17,37,18,81
BeastTamer,2022,1,35928,4.7,16,6,10,21,257
Beelzebub,2011,1,5326,4.6,88,7,8,3,48
BEM,2022,2,397,4.2,26,26,60,103,200
Berserk,2016,2,15620,3.9,27,2,2,1,14
BerserkofGluttony,2023,1,20266,4.8,11,15,37,92,313
Berserk:TheGoldenAgeArc-MemorialEdition,2022,1,16798,4.8,168,158,593,2.1,10.4
BetweentheSkyandSea,2018,1,211,3.3,65,70,223,490,1.2
BIGORDER,2016,1,1533,3.4,90,62,191,594,2.3
BIRDIEWING-GolfGirls'Story-,2022,1,4758,4.7,497,126,361,1.7,28.2
BlackBloodBrothers,2022,1,763,4.5,116,45,76,115,337
BlackClover,2017,1,105102,4.8,29,23,74,153,356
BlackSummoner,2022,1,46314,4.7,56,20,32,16,47
BLACKFOX,2019,1,1273,4.3,22,20,57,173,613
BladeandSoul,2014,1,801,3.7,84,32,151,346,1.2
BladeRunnerBlackOut2022,2017,1,494,4.5,636,418,933,2.7,25.8
BladeRunner:BlackLotus,2021,1,1971,4.2,298,168,349,608,5.9
BladedanceofElementalers,2014,1,2969,4.3,172,112,150,95,166
Bloodivores,2016,1,1078,3.3,27,11,13,13,56
BlueExorcist,2011,1,18632,4.7,32,30,74,206,818
BlueReflectionRay,2022,1,354,4,29,20,71,249,1.6
BLUELOCK,2022,1,110902,4.9,58,34,84,239,1.1
BOCCHITHEROCK!,2022,1,36086,4.9,259,129,375,1.5,22.3
BOFURI:IDon'tWanttoGetHurt,2022,2,31087,4.8,77,38,91,388,5.5
Boku-no-imoutowa\Osaka-okan\,2012,1,126,3.5,37,35,127,414,949
BONJOUR?SweetLovePatisserie,2014,1,1006,4,274,159,605,2.4,24.6
BONOBONO,2016,2,76,4.1,363,310,668,1.3,3.4
BoogiepopandOthers,2019,1,886,4.3,25,29,69,155,550
BORUTO:NARUTONEXTGENERATIONS,2017,1,61438,3.5,238,57,178,434,1.2
Bottom-TierCharacterTomozaki,2022,1,4881,4.6,51,47,103,254,743
BraveWitches,2016,1,417,4.2,27,11,59,237,2.1
BreakUps,2011,1,426,3.8,233,203,354,595,2.4
BrothersConflict,2017,1,1834,3.9,3.8,1,2.3,8.1,198.1
BrynhildrintheDarkness,2014,1,1526,4.3,75,15,38,116,979
BuddyComplex,2017,1,223,4.2,25,5,9,7,32
BuddyDaddies,2023,1,31765,4.9,237,158,389,740,3
BUILD-DIVIDE-#000000-CODEBLACK,2021,2,1636,3.8,557,169,331,673,2.4
BULLBUSTER,2023,1,860,3.9,100,53,123,208,1.2
BungoandAlchemist-GearsofJudgement-,2022,1,551,4.2,46,28,75,137,341
BungoStrayDogs,2016,6,44742,4.8,43,21,121,376,2.6
BungoStrayDogsWAN!,2021,1,4130,4.9,130,46,69,145,1.4
BureauofParanormalInvestigation,2022,1,1395,4.1,81,12,34,68,682
BURNTHEWITCH,2020,1,5441,4.5,19,4,13,16,310
BurningKabaddi,2021,1,2062,4.6,243,239,894,3.3,18.3
Butareba-TheStoryofaManTurnedintoaPig-,2023,1,2602,3.7,28,5,5,2,20
ButlersXBattlers,2018,1,226,3.7,47,12,54,328,4.3
BytheGraceoftheGods,2022,2,23905,4.7,168,85,174,205,436
C3Anime,2018,1,322,4.1,1.1,52,37,37,351
Caligula,2018,1,405,3.6,23,10,27,26,42
CalltoCosplay,2015,1,111,1.5,170,175,581,1.7,5.7
CampfireCookinginAnotherWorldwithMyAbsurdSkill,2023,1,47075,4.9,33,21,102,223,471
Campione!,2012,1,2704,4.6,625,565,1.4,3.7,29.7
Canvas2:NijiIronoSketch,2010,1,351,4.2,77,55,226,946,4
CaptainTsubasa:JuniorYouthArc,2023,1,1539,4.8,26,18,42,82,229
CardcaptorSakura:ClearCard,2017,1,2761,4.8,2.8,595,1.1,2.1,9.1
CARDFIGHT!!VANGUARD,2018,1,252,4.2,305,214,515,1.2,18
CARDFIGHT!!VANGUARDoverDress,2022,4,1292,3.6,401,81,187,698,15.4
CaseClosed(DetectiveConan),2021,1,5330,4.7,44,16,48,29,74
Casefilen221:Kabukicho,2022,1,283,4.1,258,176,275,298,526
CasshernSins,2022,1,629,4.5,169,79,115,425,4
CautiousHero:TheHeroisOverpoweredbutOverlyCautious,2022,1,16244,4.7,23,20,60,135,525
Cerberus,2016,1,1142,3.3,1.8,861,2,7.1,93.3
CESTVS-TheRomanFighter-,2021,1,905,4,953,594,1.7,5.1,37.9
Chaika–TheCoffinPrincess-,2014,2,1440,4.5,41,49,132,318,733
ChainChronicle-TheLightofHaecceitas-,2017,2,1710,4.1,90,75,156,183,297
ChainsawMan,2022,1,282773,4.9,26,6,36,74,352
ChainsawManFestival,2023,1,193,3.8,188,64,117,326,1.3
CHAOS;CHILD,2017,1,457,3.7,168,104,288,623,1.8
CheatingCraft,2016,1,317,3.2,244,107,197,177,353
CHERRYMAGIC!THIRTYYEARSOFVIRGINITYCANMAKEYOUAWIZARD?!,2020,1,3381,4.7,212,192,824,3.4,14
Chihayafuru,2011,3,4257,4.7,36,25,44,48,201
ChildrenofEther,2017,1,248,4.2,1.3,418,1.2,4.8,103.2
Chillin'inMy30safterGettingFiredfromtheDemonKing'sArmy,2023,1,23072,4.7,213,52,210,1,34.6
Chio'sSchoolRoad,2018,1,1125,4.7,432,272,875,2.8,26.7
Chiruran1/2,2017,1,61,3.7,22,16,14,24,50
ChitoseGetYou!,2012,1,215,4.1,56,70,170,243,467
ChroniclesoftheGoingHomeClub,2013,1,235,4.1,12,5,2,5,52
CHRONOSRULER,2017,1,785,3.9,50,42,72,150,572
CinderellaChef,2022,1,1321,4,15.8,3.5,6.2,7.3,28.7
CinderellaNine,2019,1,373,4.2,90,73,293,981,3.4
citrus,2018,1,11235,4.3,23,17,40,93,244
CLASSROOMFORHEROES,2023,1,12220,4.1,59,21,48,102,196
ClassroomoftheElite,2017,2,82265,4.8,258,105,201,357,913
Claymore,2018,1,6833,4.8,51,74,145,372,884
CleanFreak!Aoyamakun,2017,1,1802,4.4,24,5,22,32,140
CodeGeass,2022,3,22408,4.9,333,129,373,1.6,29.3
Code:Realize~GuardianofRebirth~,2017,1,1074,4.4,209,111,212,324,780
Code:Breaker,2022,1,1241,4.3,116,45,80,151,468
CombatantsWillBeDispatched!,2022,1,7583,4.6,41,36,54,84,336
ComicGirls,2018,1,868,4.6,537,311,844,3.1,39.9
ComicPartyRevolution,2022,1,98,3.8,62,25,47,165,3.8
ComicalPsychosomaticMedicine,2015,1,273,4,171,51,111,218,844
Conception,2018,1,3235,2.6,122,111,372,917,3.9
ConcreteRevolutio,2022,2,232,3.9,50,37,109,320,1.5
ConvenienceStoreBoyFriends,2017,1,1424,4,582,120,152,267,1.5
CopCraft,2022,1,958,4.5,25,24,46,28,103
Copihan,2023,1,126,2.9,311,266,848,2.5,19.9
CosplayComplexOVA,2010,1,1086,4.3,27,9,38,68,180
CoyoteRagtimeShow,2017,1,205,4.2,52,35,80,76,162
CrossingTime,2018,1,452,4,88,8,7,4,4
Crunchycast,2021,1,209,2.6,295,153,588,2.6,43.4
CrunchyrollCollection,2015,5,103,1.7,52,57,195,443,2
CrunchyrollConventionHighlights,2016,1,113,2.2,28,10,42,68,203
CUE!,2022,1,1029,4.3,53,17,25,37,1.4
CuteHighEarthDefenseClubLOVE!,2015,4,650,4.1,59,21,74,184,2.4
D-Frag!,2022,1,2028,4.6,24,11,24,25,168
D.Gray-man,2022,1,4066,4.6,289,73,124,166,640
D4DJAllMix,2023,2,703,4.5,199,48,96,321,4.7
D4DJFirstMix,2020,1,1104,4.7,24,13,30,54,162
D_CIDETRAUMEREITHEANIMATION,2021,1,683,3.6,22,16,40,106,445
DaCapoIII,2013,1,165,4.1,199,214,649,2.4,12.8
Dai-Shogun-GreatRevolution,2014,1,222,3.3,244,150,198,175,375
DanceDanceDanseur,2022,1,4464,4.7,94,46,100,235,430
DancewithDevils,2022,1,1494,3.7,17,30,122,338,933
Danchigai,2015,1,738,4.3,119,81,219,432,859
Danganronpa3:TheEndofHope'sPeakHighSchool,2022,1,2015,4.5,2.7,944,2.5,9.8,266.8
Danganronpa:TheAnimation,2022,1,4738,4.4,42,5,11,18,117
DARLINGintheFRANXX,2018,1,46092,4.7,55,43,86,89,184
DateALive,2022,5,12891,4.7,76,41,61,34,105
DAYS,2016,1,1581,4.7,194,14,31,206,2.9
DaysofUrashimasakatasen,2019,1,98,4.3,75,44,127,441,3.6
DDFistoftheNorthStar,2013,2,74,3.8,17,9,16,64,142
DeadMountDeathPlay,2023,1,26474,4.8,405,275,837,2.9,18.7
Deaimon:RecipeforHappiness,2022,1,3850,4.7,20,16,43,118,928
DeathMarchtotheParallelWorldRhapsody,2018,1,21586,4.5,7,7,12,8,27
DECA-DENCE,2022,1,2984,4.6,17,9,23,44,122
DeepInsanityTHELOSTCHILD,2022,1,1130,3.9,14,13,25,55,128
DEMIAN,2011,1,82,2.3,80,47,108,162,388
DemonKingDaimao,2010,1,8507,4.3,231,39,75,170,806
DemonLord,2022,1,9426,4.7,25,10,40,72,226
DemonSlayer:KimetsunoYaiba,2019,4,342637,4.9,984,348,704,1.6,7.6
Demonbane,2010,1,430,4.2,1.1,793,1.5,1.9,7
DENKI-GAI,2014,1,708,4.4,1.2,682,1.7,5.9,72.8
DevilMayCry,2022,1,2654,4.6,51,44,153,668,5.9
DiaryofOurDaysattheBreakwater,2022,1,837,4.7,66,46,128,368,1.2
Didn'tIsaytomakemyabilitiesaverageinthenextlife,2019,1,9471,4.5,244,107,290,991,20.8
Diesirae,2017,1,782,3.7,37,48,90,184,715
DigimonAdventure,2021,1,851,4.6,46,39,124,318,714
DigimonAdventure02,2021,1,408,4.5,116,128,390,1.2,5.8
DigimonAdventuretri,2015,1,1334,4.5,18,24,40,150,636
DigimonAdventure:(2020),2020,1,3946,4.1,18,5,9,16,50
DigimonGhostGame,2021,1,2606,4.5,17,17,42,61,136
DimensionHighSchool,2019,1,70,2.3,1.4,349,409,282,777
DimensionW,2022,1,1624,4.6,27,15,33,44,113
Disgaea,2018,1,289,4,102,92,218,366,646
DivineGate,2016,1,671,3.4,35,16,54,198,655
DoItYourself!!,2022,1,5677,4.8,40,18,18,9,41
Don'tCallUsAJUNKGAME!,2020,1,108,3.6,72,44,105,147,718
Don'tHurtMe,2022,1,5119,3.3,12,10,24,42,117
DON'TTOYWITHME,2021,2,53537,4.6,30,25,72,132,193
Donyatsu,2015,1,102,3.9,108,11,16,11,63
DOUBLEDECKER!DOUG\u0026KIRILL,2018,1,444,4.2,78,5,3,2,15
Dr.Ramune-MysteriousDiseaseSpecialist-,2021,1,1529,4.6,74,4,3,3,29
Dr.STONE,2019,4,77349,4.8,56,37,80,184,672
DragonBallMovies,2023,1,6451,4.7,91,21,43,80,415
DragonBallSuper,2022,1,25934,4.6,55,32,89,234,1.6
DRAGONCOLLECTION,2014,1,99,3.9,176,53,137,425,3.3
DragonCrisis,2011,1,2144,4.4,46,13,28,57,559
DragonGoesHouse-Hunting,2022,1,1766,4.3,27,13,36,115,913
DRAGONQUESTTheAdventureofDai,2020,1,6790,4.7,97,63,110,150,263
DragonarAcademy,2022,1,3266,4.2,17,7,15,26,100
DRAMAticalMurder,2014,1,1618,4.3,52,23,37,26,84
DREAMFESTIVAL!,2016,2,163,4.2,154,38,99,445,3.7
DropkickonMyDevil!,2022,3,2612,4.5,232,122,224,259,657
DropoutIdolFruitTart,2022,1,418,4.4,27,32,84,138,457
DrowningSorrowsinRagingFire,2022,1,374,4.4,85,44,113,267,1.5
DrugStoreinAnotherWorld-TheSlowLifeofaCheatPharmacist,2021,1,6153,3.9,206,126,307,793,3.3
EAGLETALON~GoldenSpell~,2020,1,53,3.1,1.5,722,1.6,4.5,37.7
EdenoftheEast,2023,2,1272,4.6,390,181,441,1.2,10.7
EDENSZERO,2023,2,5178,4.7,37,20,60,208,1.3
elDLIVE,2017,1,326,3.8,6,8,6,13,65
ElegantYokaiApartmentLife,2017,1,1700,4.6,13,3,9,10,39
Endride,2022,1,643,3.6,392,255,790,2.6,22.5
EngageKiss,2022,1,14697,4.6,49,24,130,498,3.1
EnsembleStars,2022,1,309,4.5,532,468,1.3,3.6,15.7
ErgoProxy,2022,1,1293,4.6,45,58,151,518,2.2
ESTABLIFE:GreatEscape,2022,1,677,3.6,122,73,145,236,554
ETOTAMA,2015,1,253,4.1,40,13,5,10,14
EurekaSevenAO,2022,1,522,4.1,402,204,738,1.9,5.2
EVILORLIVE,2017,1,592,3.6,111,100,363,1.2,7.6
EX-ARM,2021,1,2257,1.8,3.5,1.2,3.1,11.5,323.4
ExtraOlympiaKyklos,2020,1,286,3.9,19,24,51,102,234
ExtremeHearts,2022,1,945,4.2,24,17,59,135,473
Eyeshield21,2008,3,9830,4.7,85,45,138,330,2.1
FairiesAlbum,2022,1,1091,4,14,8,28,77,710
Fairygone,2022,1,1374,4.2,261,231,722,2,6.2
FairyMusketeers,2008,1,1043,4.6,111,78,114,134,345
FairyRanmaru,2021,1,673,3.6,49,14,30,79,679
FairyTail,2022,2,21421,4.6,18,13,23,65,289
FanChronicles:ACrunchyrollDocumentarySeries,2019,1,119,1.7,52,52,74,156,1
FanService,2018,1,135,2.6,519,170,294,483,2.5
FanfareofAdolescence,2022,1,724,3.9,166,70,127,271,2
FantasiaSango-RealmofLegends,2022,1,374,3.1,35,7,9,7,12
Farewell,2021,2,775,4.1,33,18,92,282,1.2
FastestFingerFirst,2017,1,420,4.2,32,15,32,53,157
Fate/GrandCarnival,2022,1,1227,4.7,134,57,127,115,238
Fate/kaleidlinerPRISMAILLYA,2013,4,1193,4.4,81,37,153,570,4.8
Fate/strangeFake-WhispersofDawn-,2023,1,4833,4.9,14,12,15,25,42
Fena:PiratePrincess,2022,1,8139,4.4,1.3,547,609,727,1.9
FightLeague:GearGadgetGenerators,2019,1,100,3.8,2.2,671,1.7,5.6,43.4
FINALFANTASYXV:EPISODEARDYN–PROLOGUE,2019,1,295,4.5,12,10,11,15,54
FireForce,2019,2,40932,4.7,26,18,52,102,246
FirefighterDaigo:RescuerinOrange,2023,1,1631,4.5,51,24,74,257,1.1
FIRSTLOVEMONSTER,2016,1,847,2.8,936,620,1.6,6.1,68.1
FLCL,2019,2,1643,4.1,265,62,143,331,5.7
FLOW,2022,1,147,3.8,1.3,348,844,2.2,21.2
FlyingWitch,2016,1,2680,4.7,17,3,10,11,58
FolktalesfromJapan,2012,2,234,4.6,51,58,176,538,1.3
FoodWars!ShokugekinoSoma,2019,4,24220,4.7,97,54,140,335,1.1
ForWhomTheAlchemistExistsTheMovie,2021,1,451,4.2,184,93,222,587,5.7
FORESTFAIRYFIVE,2017,2,127,2.3,231,135,321,679,1.9
Fractale,2017,1,339,4.2,78,68,158,335,979
FrankensteinFamily,2018,1,666,3.6,18,6,9,26,104
FreakAngels,2022,1,1049,3.1,153,47,128,301,2
Free!-IwatobiSwimClub,2013,8,6617,4.7,25,9,26,66,292
Frieren:BeyondJourney'sEnd,2023,1,38660,4.9,33,7,17,49,268
FruitsBasket,2019,4,35621,4.9,730,412,792,1.3,2.9
FullDive:ThisUltimateNext-GenFullDiveRPGIsEvenShittierthanRealLife!,2022,1,7634,4.4,19,3,5,4,22
FullMetalPanic!InvisibleVictory,2018,1,1199,4.7,32,28,67,170,975
FullMetalPanic!TheSecondRaid,2018,1,1239,4.7,186,53,194,424,4.3
FushigiYugi,2016,1,1326,4.5,41,21,48,73,143
FushigiYugiOVA,2016,1,314,4.4,34,28,80,272,1.3
FushigiYugi:Eikoden,2016,1,269,3.9,108,54,90,118,273
FutsalBoys!!!!!,2022,1,693,3.7,448,266,837,2.2,10.9
FutureCardBuddyfight,2014,5,220,4.3,23,7,13,25,241
Fuuka,2017,1,2315,4.2,32,17,48,182,1
FUUTOPI,2022,1,3484,4.7,126,41,94,150,266
GAGeijutsukaArtDesignClass,2011,1,155,4.2,21,13,26,48,145
Ga-Rei-Zero,2023,1,822,4.2,40,28,50,114,290
GabrielDropOut,2017,1,2762,4.6,86,59,98,132,217
GakuenHandsome,2016,1,789,4.3,1.7,104,53,39,348
Gal\u0026Dino,2022,1,198,3.5,57,9,18,25,177
GAMERS!,2017,1,8890,4.3,77,40,75,147,606
GANBAREDOUKICHAN,2021,1,2881,4.4,183,68,255,1.8,7.5
Gangsta.,2015,1,829,4.6,186,24,76,160,645
Garakowa-RestoretheWorld-,2017,1,249,3.7,67,61,183,286,777
GARO-VANISHINGLINE-,2011,2,794,4.4,30,14,49,171,779
gdgdFairies,2018,1,1341,2.3,148,46,70,99,310
gdgdmen'sparty,2018,1,81,2.8,762,390,891,2.2,17.2
GeGeGenoKitaro,2022,1,393,4.5,94,4,4,1,16
Gekidol,2013,1,102,3.4,72,5,7,6,45
GenshikenSecondSeason,2020,1,304,4.2,84,38,96,125,381
GIBIATE,2013,1,1702,2.3,116,28,63,34,133
GifuDodo!!KanetsuguandKeiji,2013,1,72,4.1,68,50,69,155,433
Gingitsune:MessengerFoxoftheGods,2009,8,529,4.5,18,18,59,110,215
Gintama,2014,1,24104,4.8,45,16,28,72,1.1
GirlFriendBETA,2021,2,186,3.9,81,29,56,178,849
Girlfriend,2022,1,19306,4.4,57,12,45,196,4.5
GirlsBravo,2022,1,3715,3.7,284,263,650,1.4,5.5
Girls'Frontline,2019,1,723,4.3,11,10,14,19,46
GirlyAirForce,2019,3,759,4.2,9,4,24,45,213
given,2021,1,27803,4.8,556,408,1.2,5,33.8
given(Drama),2022,1,966,4.1,87,30,88,190,1.2
Gleipnir,2021,1,7265,4.6,313,101,120,84,229
GLOOMYTHENAUGHTYGRIZZLY,2018,3,347,4.1,124,72,180,362,905
GOBLINSLAYER,2018,1,40548,4.8,39,3,2,8,95
GoldenKamuy,2014,1,9597,4.8,40,29,112,392,2.1
GonnaBetheTwin-Tail!!,2022,1,163,4.1,9,5,6,34,180
GoodLuck!Ninomiya-kun,2022,1,187,4.3,546,239,717,2.6,20.1
Gosick,2019,1,2346,4.7,26,18,47,107,253
GRANBELM,2020,1,283,4.1,78,8,6,1,34
GrandBlues!,2019,1,242,3.5,19,20,37,67,196
GrimmsNotestheAnimation,2015,1,267,3.4,82,68,144,126,246
GTO-TheAnimation,2022,1,5508,4.9,327,65,133,175,349
GunXSword,2022,2,744,4.3,125,67,305,877,5.2
GundamBuildDivers,2017,2,455,4.5,309,135,253,686,37.3
GundamBuildFighters,2023,1,586,4.6,396,167,447,1.6,33
GunmaChan,2022,1,100,3.3,354,212,521,1.3,5.2
GunslingerGirl,2018,1,670,4.4,30,13,38,134,984
Gurazeni:MoneyPitch,2018,1,142,4.2,20,10,42,148,1
Guyver:TheBioboostedArmor,2023,1,488,4.5,59,22,68,174,1
GXYZ123,2010,1,25,3.1,18,5,18,51,222
H2O:FootprintsintheSand,2014,7,2099,4.5,35,15,26,50,143
Haikyu!!,2019,1,50801,4.9,113,43,91,113,333
HakataMentai!Pirikarako-chan,2018,1,55,3.4,23,5,14,27,151
HakataTonkotsuRamens,2015,1,1747,4.6,178,103,183,462,1.4
Hakone-chan,2020,1,190,3.8,98,56,133,317,2.9
Hakubo,2021,1,572,4.5,9,7,16,28,95
Hakuoki~DemonoftheFleetingBlossom~,2022,1,757,4.6,67,31,75,158,491
Hakuoki~DemonoftheFleetingBlossom~(Drama),2018,1,231,3.8,47,39,130,461,2.1
HAKYUHOSHINENGI,2014,2,336,3.1,116,13,19,30,611
Hamatora,2022,1,785,4.3,44,19,20,30,85
Hanabichan~Thegirlwhopoppedoutofthegameworld~,2014,1,333,3.9,380,353,865,2.1,5.2
HaNaYaMaTa,2017,1,437,4.5,138,78,221,622,1.8
HandShakers,2022,1,762,3.3,29,14,26,106,654
Handa-kun,2023,1,2321,4.6,40,19,32,45,113
HandymanSaitouinanotherworld,2018,1,21041,4.6,37,15,58,150,534
HANEBADO!,2009,1,999,4.2,863,27,31,30,390
Happiness!,2022,2,3356,4.5,38,6,3,3,31
HaremintheLabyrinthofAnotherWorld,2023,5,32126,3.9,17,11,19,68,278
HarmonQuest,2018,1,873,3.2,17,14,20,12,39
HarukanaReceive,2022,1,1120,4.5,21,12,24,62,185
HatenaIllusion,2013,2,323,3.8,819,243,242,106,292
HayatetheCombatButler!,2010,2,297,4.3,6,8,5,10,43
HayatetheCombatButler!(Season1\u00262),2018,1,6060,4.7,10,6,39,106,368
HeWasAnime(NFL'sMikeDaniels),2022,1,119,3.6,533,169,423,2.5,20.5
HealerGirl,2017,1,1527,4.6,21,16,17,33,99
HeatGuyJ,2023,1,140,4.3,1.2,435,1.1,2.7,13.8
HeavenOfficial'sBlessing,2021,1,13294,4.9,853,165,284,505,1.9
Heaven'sDesignTeam,2022,2,1461,4.6,40,30,67,125,461
Heaven'sLostProperty,2023,1,4274,4.5,37,31,85,159,447
Hell'sParadise,2022,1,99890,4.9,500,92,310,1.3,25.6
HellsingUltimate,2022,1,4809,4.9,133,38,60,140,595
Hensuki-Areyouwillingtofallinlovewithapervert,2014,1,4645,4.4,182,116,367,1.1,5.5
HEROBANK,2022,1,41,3.1,46,19,21,40,221
HeroinesRuntheShow,2010,1,3401,4.6,889,283,892,3.4,35.1
HEROMAN,2022,2,1049,4.3,143,64,186,723,8.5
Hetalia,2016,1,1275,4.1,13,11,14,27,98
HEYBOT!,2021,1,63,3,14,8,13,28,124
Higehiro:AfterBeingRejected,2023,1,26600,4.8,37,33,80,251,1.9
HIGHCARD,2021,1,4207,4.7,20,16,26,67,154
HighGuardianSpice,2022,2,11330,1.6,50,25,28,41,98
HighSchoolDxD,2019,1,32087,4.7,56,22,42,42,105
HighSchoolProdigiesHaveItEasyEvenInAnotherWorld,2022,2,10280,4.2,62,25,61,244,5.1
Higurashi:WhenTheyCry-GOU,2010,1,1935,4.5,43,24,52,146,479
HikakinBeatbox,2014,1,96,4,18,14,32,72,319
Himegoto,2018,1,665,4.1,24,9,21,69,463
HIMOTEHOUSE:Asharehouseofsuperpsychicgirls,2017,1,99,3.1,34,5,6,9,46
HinakoNote,2018,1,519,4.4,28,20,45,117,460
HINAMATSURI,2018,1,4610,4.7,14,8,8,22,90
HinomaruSumo,2016,2,3025,4.8,19,11,32,65,361
HitoriNoShita-TheOutcast,2019,1,3718,4.5,9,2,1,3,10
HitoribocchinoMarumaruseikatsu,2018,1,2245,4.8,59,35,117,403,1.5
HolmesofKyoto,2022,2,1566,4.4,787,171,398,1.9,47.5
Horimiya,2022,1,77669,4.9,10,11,4,5,25
HortensiaSAGA,2021,1,1455,4,53,17,82,244,1.4
HowaRealistHeroRebuilttheKingdom,2019,1,24061,4.8,10,17,42,44,77
Howclumsyyouare,2022,1,936,4.3,9,19,47,123,374
HowHeavyAretheDumbbellsYouLift?,2018,3,4430,4.7,27,14,32,100,584
HowNottoSummonaDemonLord,2018,1,27927,4.6,51,4,13,29,134
HowtoKeepaMummy,2023,1,3719,4.8,84,44,63,41,104
HulaFullaDance,2016,1,157,4.4,25,38,82,169,471
Hundred,2016,1,5670,4.4,42,13,34,77,167
HybridxHeartMagiasAcademyAtaraxia,2018,1,2957,4.3,13,10,27,68,319
Hyouka,2017,1,7748,4.7,205,69,92,102,294
HyperdimensionNeptunia,2022,2,527,4.2,72,34,91,300,1.8
HYPNOSISMIC-DivisionRapBattle-RhymeAnima,2014,2,818,4.2,465,385,962,2.6,16.6
ICan'tUnderstandWhatMyHusbandIsSaying,2013,1,2503,4.6,68,50,98,224,559
ICouldn’tBecomeaHero,2023,1,2795,4.3,106,71,211,714,2.3
IGotaCheatSkillinAnotherWorldandBecameUnrivaledinTheRealWorld,2023,1,68645,4.5,5.8,1.3,2.3,4.1,18.7
IShallSurviveUsingPotions!,2023,1,3327,4.5,352,17,14,61,429
I'mGivingtheDisgracedNobleLadyIRescuedaCrashCourseinNaughtiness,2023,1,5840,4.6,36,16,78,253,737
I'minLovewiththeVillainess,2022,1,8594,4.6,29,27,58,64,145
I'MKODAMAKAWASHIRI,2020,1,667,3.4,13,7,33,64,180
I'mStandingonaMillionLives,2022,1,11225,4.2,61,54,181,1.2,4.6
I'mtheVillainess,2021,1,27537,4.8,35,3,5,7,69
I'veBeenKillingSlimesFor300YearsAndMaxedOutMyLevel,2022,1,20907,4.5,69,23,63,177,1.2
ID:INVADED,2017,1,3602,4.7,8,5,14,23,90
IdolIncidents,2021,1,114,3.9,213,29,59,222,12.8
IdolTimePripara,2023,4,143,4.4,35,33,81,217,1.1
IDOLiSH7,2021,1,1892,4.7,248,95,229,563,3.1
Idolls!,2019,1,83,3.1,618,332,996,4.8,93.2
IfIt'sforMyDaughter,2022,1,9292,4.6,50,24,68,279,4.4
IfMyFavoritePopIdolMadeIttotheBudokan,2016,1,560,4.6,207,131,363,882,3.1
IidaTokimekiTrip,2022,1,40,3.3,13,6,3,1,18
IkebukuroWestGatePark,2021,1,745,4.5,89,46,172,570,2.5
IkkiTousen,2017,2,1443,4,32,25,109,312,571
InAnotherWorldWithMySmartphone,2018,1,35721,4.4,196,43,68,130,838
InSearchoftheLostFuture,2022,1,225,3.8,21,8,7,3,24
IntheHeartofKunoichiTsubaki,2022,1,2097,4.3,502,204,658,2.4,22.8
IntheLandofLeadale,2020,2,21300,4.6,73,44,195,578,3.3
In/Spectre,2021,1,13157,4.4,9.3,284,237,230,1.3
INAZMADELIVERY,2015,1,97,4,1.6,291,655,1.8,27.7
InfernoCop,2022,1,466,4.3,562,414,1,2.5,5.8
InfiniteDendrogram,2017,1,4510,4.5,84,40,86,265,1.5
InterviewsWithMonsterGirls,2014,1,5458,4.7,21,2,2,4,67
Inugami-santoNekoyama-san,2015,1,626,4.4,67,26,66,103,403
InvestorZ(MotionManga),2023,1,65,3.5,28,12,13,15,31
Irina:TheVampireCosmonaut,2023,1,2150,4.7,16,22,44,108,329
Irodorimidori,2015,1,119,4,51,44,166,609,3.7
IsItWrongtoTrytoPickUpGirlsinaDungeon?,2019,1,31607,4.7,39,24,91,319,2.6
IsekaiCheatMagician,2018,1,15979,3.8,166,74,203,566,2.7
IsekaiIzakaya:JapaneseFoodFromAnotherWorld,2019,3,2299,4.7,17,14,61,220,1.9
ISEKAIQUARTET,2018,1,3334,4.7,47,46,101,366,1
ISLAND,2015,1,875,4.1,582,368,1.1,4.3,71.4
ISUCA,2020,1,649,3.8,104,97,215,357,682
Iwakakeru-SportClimbingGirls-,2012,1,1773,4.4,209,182,505,2.2,21
IxionSagaDT,2016,1,681,4,44,32,80,181,599
Izetta:TheLastWitch,2021,1,2146,4.3,86,44,197,628,3.5
I?CHU,2017,1,213,4.2,785,520,1.5,4.2,20.9
JapaConPresents:AgentHaZAP,2008,3,38,2.2,49,35,85,293,3.3
JapaneseAnimeClassicCollection,2018,1,101,3.5,11,3,8,33,102
Jingai-sannoYome,2015,1,1703,4.3,202,188,481,1.2,3.6
JK-MESHI!,2021,6,99,2.9,205,92,212,432,2
JoJo'sBizarreAdventure,2016,1,41177,4.8,103,85,255,800,6.5
JOKERGAME,2021,1,1059,4.4,51,25,40,67,344
JORANTHEPRINCESSOFSNOWANDBLOOD,2019,1,1471,4.2,113,28,29,52,596
JoshiKausei,2020,3,502,4.1,65,50,150,409,1.8
JUJUTSUKAISEN,2017,1,271960,4.9,123,65,243,649,1.7
JUNITAISEN?ZODIACWAR,2018,1,3462,4.1,3.2,2,3.4,6.3,53.7
JunjiItoCollection,2017,1,5348,4.5,140,108,186,415,2.5
JunjoRomantica3,2009,2,1589,4.7,211,103,228,495,4.8
KaasanMom'sLife,2019,2,1258,4.5,502,92,205,452,7.3
KabanerioftheIronFortress,2017,1,8150,4.6,164,46,71,98,288
KADO:TheRightAnswer,2022,1,804,4,525,459,1.1,2.8,6.3
KagekiShojo!!,2015,2,847,4.7,327,245,841,2.9,23.2
KAGEWANI,2021,2,250,4.2,506,470,1.4,3.5,15.1
KAGINADO,2019,3,361,4.4,45,46,106,452,3
KAGUYA-SAMA:LOVEISWAR,2016,2,69703,4.9,14,10,12,18,60
KAIJUGIRLS,2023,1,130,3.7,15,4,4,7,113
KainaoftheGreatSnowSea,2018,1,2504,4.5,76,13,31,97,1.7
Kakuriyo-Bed\u0026BreakfastforSpirits-,2022,2,9879,4.8,23,10,12,11,27
Kakushigoto,2023,1,2445,4.7,308,129,371,1.1,7.3
KamiErabiGOD.app,2014,1,1650,3.2,16,14,21,74,435
KamigaminoAsobi,2023,1,2200,4.5,12,4,4,1,19
KamiKatsu:WorkingforGodinaGodlessWorld,2011,1,19224,4.3,30,12,46,102,555
KamisamaDolls,2022,1,914,4.3,217,46,117,240,823
KamisamaHajimemashita,2015,2,15397,4.9,2.5,1.3,2.4,4.8,24.9
KanColle,2022,1,1045,4.2,33,9,22,58,103
Kanon,2018,1,555,4.6,140,57,161,349,1.4
KARAKAIJOZUNOTAKAGI-SAN,2016,1,6005,4.8,404,423,1.2,3.4,15.8
Karneval,2020,1,989,4.5,412,402,1.1,2.6,8.7
KatanaMaidens-Tomoshibi,2019,1,156,4.1,13,5,8,15,56
KatanaMaidens~MiniToji,2018,1,50,3.9,41,16,40,49,320
KatanaMaidens~TojiNoMiko,2023,1,556,4.3,97,102,339,870,3.1
KAWAGOEBOYSSING-NoworNever-,2020,1,342,3.6,47,53,225,737,4.4
KeepYourHandsOffEizouken!,2016,1,3845,4.8,18,20,65,123,400
Keijo!!!!!!!!,2011,1,3896,4.4,18,4,5,5,33
KemekoDX,2017,2,359,4,32,29,104,284,1.7
KemonoFriends,2022,1,325,4.3,10,8,18,20,63
KemonoJihen,2022,1,6564,4.8,890,301,1,3.3,26.1
KemonoMichi:RiseUp,2017,1,2269,4.4,2,1.1,2,3.3,7.6
KenkaBanchoOtome-GirlBeatsBoys-,2016,1,2461,4.4,41,28,80,252,1.9
Kiitaro'syokaipicturediary,2013,1,195,4.2,76,35,128,345,2.8
KilllaKill,2019,1,12676,4.7,63,53,110,190,459
KINGOFPRISM-ShinySevenStars-,2017,1,109,3.4,45,72,107,167,258
KingofThorn,2023,1,955,4.1,84,37,136,323,1.2
King'sGame,2022,4,3992,3.1,74,46,67,136,358
KING'sRAID:SuccessorsoftheWill,2017,1,1165,4,89,76,198,499,1.3
Kingdom,2020,1,8081,4.8,17,9,21,25,141
Kino'sJourney-theBeautifulWorld-theAnimatedSeries,2020,1,3287,4.7,24,2,1,1,10
KIRAKIRA?PRETTYCUREALAMODE,2021,1,422,4.5,23,6,13,16,43
KirattoPri?chan,2015,2,135,4.3,136,66,123,267,1.1
KiyoinKyoto:FromtheMaikoHouse,2019,1,512,4.7,31,14,16,13,25
KIZNAIVER,2023,1,3174,4.5,1.4,309,672,2.1,36.7
KizunaAI1stLive\hello,2017,1,209,4,48,30,73,212,696
KizunanoAllele,2022,2,1104,2.8,74,75,192,320,810
Knight’s\u0026Magic,2022,1,8889,4.7,33,28,50,119,272
KnightsofSidonia,2009,1,2619,4.7,2.2,1,2.4,11,255.4
Kochoki,2021,1,517,4.3,211,219,437,882,1.7
KoihimeMusou,2015,1,2122,4.6,270,152,309,716,3.9
Koikimo,2009,1,7482,4.6,57,11,28,113,1.4
Komori-sanCan'tDecline!,2022,2,521,4.1,50,21,62,303,822
KonoAozoraniYakusokuwo,2017,1,1229,4.3,101,112,456,1.5,6
KonoOtoTomare!:SoundsofLife,2016,1,5368,4.9,56,55,119,211,363
KONOHANAKITAN,2013,1,1656,4.7,24,10,28,95,690
KoroSenseiQuest!,2017,1,537,4.5,21,10,20,56,143
Kotoura-San,2022,2,3117,4.7,22,10,26,51,252
KOWABON,2017,1,144,3.5,767,250,652,2.8,65.2
KumaKumaKumaBear,2012,5,10737,4.8,24,8,15,17,66
Kumamiko-GirlMeetsBear,2013,1,151,3.7,91,61,168,398,1.8
Kuroko'sBasketball,2018,4,12772,4.8,113,83,258,881,8.5
Kyousougiga,2015,1,618,4.6,31,25,90,341,2
Laid-BackCamp,2022,1,7281,4.8,531,106,144,196,673
LanceN'Masques,2018,1,208,3.5,54,34,149,385,1.6
LapisRe:LiGHTs,2018,1,444,4.4,1.3,675,1.4,2.8,13.1
LastPeriod:thejourneytotheendofthedespair,2022,1,245,3.3,17,30,122,241,504
Latenight!TheGeniusBakabon,2022,1,46,3.7,113,45,164,648,14.4
LaughingUndertheClouds,2022,1,1701,4.2,84,39,93,178,651
LBXGirls,2022,1,265,4,20,7,22,57,449
Lee'sDetectiveAgency,2018,4,637,4.1,65,45,157,570,5.2
LegendofMana-TheTeardropCrystal-,2023,1,1570,3.5,35,27,57,188,682
LegendoftheGalacticHeroes:DieNeueThese,2021,2,4584,4.9,14,7,17,28,90
LetMeChecktheWalkthroughFirst,2011,1,1474,3.2,6,6,3,7,28
Let'sMakeaMugToo,2023,1,625,4.3,25,24,49,146,312
LevelE,2018,1,633,4.4,79,11,39,46,167
Liar,2022,1,7768,4.3,61,44,68,309,3.4
LibraofNilAdmirari,2022,1,1147,4.5,258,93,242,547,2.8
LifeLessonswithUramichiOniisan,2010,1,7873,4.7,25,25,44,84,181
LifeWithanOrdinaryGuyWhoReincarnatedIntoaTotalFantasyKnockout,2023,3,11157,4.4,26,14,19,49,217
Lilpri,2015,1,1398,4.6,57,36,216,873,5.4
LinkClick,2022,1,16336,4.8,88,76,180,475,1.4
LiSATV,2014,2,70,4.1,76,66,196,500,1.6
Listeners,2013,3,283,3.8,10,14,14,44,113
Locodol,2018,1,245,4.5,210,148,479,1.7,10.1
LogHorizon,2014,1,12879,4.7,29,10,5,13,52
LordEl-MelloiII'sCaseFiles{RailZeppelin}Gracenote,2018,1,1338,4.7,75,48,93,215,524
LordMarksmanandVanadis,2016,1,7468,4.6,1.2,372,588,545,1.3
LordofVermilion:TheCrimsonKing,2022,1,679,3.4,118,53,125,288,581
LostorageincitedWIXOSS,2022,1,195,4.1,268,60,111,326,7.3
LoveAfterWorldDomination,2017,1,18209,4.7,52,51,135,424,2.6
LoveAllPlay,2013,1,1805,4.1,31,13,11,39,328
LoveisLikeaCocktail,2020,3,3460,4.6,10,6,7,16,96
LoveLab,2014,3,581,4.6,12,7,16,53,424
LoveLive!NijigasakiHighSchoolIdolClub,2023,2,1315,4.5,69,87,233,609,2.2
LoveLive!SchoolIdolProject,2022,2,1124,4.8,42,6,6,15,140
LoveLive!Sunshine!!,2022,1,909,4.7,458,91,103,100,352
LoveLive!Superstar!!,2017,2,1641,4.7,111,125,401,1.4,6.9
LoveofKill,2014,1,10913,4.6,55,29,99,278,2.2
LoveRice,2018,1,126,3.4,35,12,37,108,325
LoveStage!!,2017,1,5358,4.6,42,29,124,451,1.5
LoveTo-LIE-Angle,2015,1,684,4,296,110,335,1.2,5.6
LoveTyrant,2022,1,5294,4.3,31,25,64,129,272
LovelyMuuuuuuuco!,2017,1,127,4,59,42,102,271,755
LuciferandtheBiscuitHammer,2016,1,4905,3.5,35,22,53,246,5
LuckyStar,2022,1,1899,4.8,37,22,67,211,1.3
LUPINTHE3rdPART4,2012,1,283,4.7,17,16,38,72,394
LUPINZERO,2022,1,268,4.6,47,46,142,447,2.4
LycheeLightClub,2018,1,71,3.4,20,20,25,29,50
LycorisRecoil,2022,1,36454,4.8,161,100,327,1,9.1
MaerchenMaedchen,2022,1,180,3.9,21,13,18,40,59
Maesetsu!OpeningAct,2020,3,76,3.5,137,70,250,1,11.3
MAGATSUWAHRHEIT,2016,1,555,4.1,12,14,37,80,475
MagiaRecord:PuellaMagiMadokaMagicaSideStory,2017,1,1795,4.3,130,41,97,405,6.6
Magic-Kyun!Renaissance,2023,1,962,4.5,38,17,37,35,81
MAGICALCIRCLEGURU-GURU,2018,1,163,4.5,26,15,28,75,300
MagicalDestroyers,2016,1,3356,4.2,54,24,41,35,91
MagicalGirlOre,2019,1,943,4.1,9,4,4,5,24
MagicalGirlRaisingProject,2019,1,1118,4.1,181,41,88,286,1.1
MagicalGirlSpec-OpsAsuka,2015,1,800,4.3,25,18,27,63,132
MagicalSempai,2010,1,2551,4.4,87,30,42,74,404
MagicalSomera-chan,2014,2,84,3.9,281,168,245,229,647
MagiciansAcademy,2022,1,653,4.2,56,22,61,204,4.2
MagimojiRurumo,2016,2,311,4.4,423,124,170,196,561
MahjongSoulPon?,2016,1,415,4.2,39,15,51,112,408
MahouShoujoNanteMouiidesukara,2018,2,154,3.7,3,10,73,185,362
MahouShoujo?NariaGirls,2013,1,181,2.3,343,344,719,1.3,5.1
MAJOR2nd,2017,1,491,4.5,24,31,87,217,788
MakaiOuji:DevilsandRealist,2017,1,949,4.2,145,78,200,755,6.7
Maken-ki!,2015,1,2694,4.4,515,246,713,2,7.7
Makeruna!!AkunoGundan!,2023,1,38,3.4,25,23,52,310,988
makuranodanshi,2013,1,534,3.1,379,78,191,750,14.9
MalevolentSpirits:Mononogatari,2013,1,8305,4.7,13,2,2,2,51
Mangirl!,2017,1,89,3.8,20,30,42,79,112
Maoyu,2022,1,3938,4.6,6,7,15,54,163
MARGINAL#4theAnimation,2021,1,146,4.2,195,154,492,1.6,10.4
MARSRED,2023,2,1207,4.3,23,18,62,167,1.1
MarudaseKintaro,2023,1,789,2.9,130,112,381,1.2,5.6
Masamune-kun'sRevenge,2023,1,32448,4.4,130,78,128,101,242
MASHLE:MAGICANDMUSCLES,2018,1,66069,4.8,17,12,23,34,109
ME\u0026ROBOCO,2019,1,927,3.5,372,247,733,2.4,14.4
MEGALOBOX,2017,1,5727,4.7,138,98,213,372,984
MeijiTokyoRenka,2018,1,3105,4.6,78,42,158,480,2.7
MeowMeowJapaneseHistory,2023,1,272,4.2,11,13,20,89,448
MercStoriA:TheApatheticBoyandtheGirlinaBottle,2019,1,316,4.2,86,31,43,125,1
MFGHOST,2023,1,7034,4.9,21,11,26,76,990
Midnightoccultcivilservants,2023,1,1564,4.5,20,15,29,87,758
Mieruko-chan,2017,1,14128,4.7,54,16,38,105,1.4
Migi\u0026Dali,2015,1,2469,4.5,244,209,593,1.8,8.1
MikaguraSchoolSuite,2022,2,315,4.1,19,28,14,14,51
Military!,2015,1,188,3.8,184,79,230,765,4.1
MillionArthur,2017,1,398,3.4,62,48,78,156,340
MillionDoll,2014,1,87,2.6,238,165,459,1.1,3.3
MinamiKamakuraHighSchoolGirlsCyclingClub,2020,1,230,4.4,21,4,7,20,75
MischievousKiss-LoveinTokyo,2014,2,1045,4.2,844,513,739,856,2
MischievousKiss-TheMovie,2016,1,206,3.9,53,10,39,153,1.6
MischievousKiss2-LoveinTokyo,2022,1,418,4.7,7,8,9,29,230
MissBernardsaid.,2017,3,156,4,15,2,8,24,219
MissCaretakerofSunohara-sou,2022,1,1569,4.5,17,6,8,9,31
MissKobayashi'sDragonMaid,2013,3,26458,4.8,469,210,625,2.4,32.7
MissKUROITSUfromtheMonsterDevelopmentDepartment,2022,1,3377,4.3,18,11,27,39,85
MissMonochrome-TheAnimation,2018,1,250,4.1,12,9,15,10,30
MissShachikuandtheLittleBabyGhost,2023,2,1503,4.6,40,19,63,134,299
MitchiriNeko,2016,4,150,4.4,101,70,157,289,1.2
MIX,2017,1,968,4.2,25,17,81,201,638
MizunoKotoba,2021,2,314,3.6,7,3,10,19,124
MobPsycho100,2017,3,69307,4.9,281,150,256,445,2.2
MobileFighterGGundam,2015,2,877,4.6,103,48,63,152,577
MobileSuitGundam,2023,1,1903,4.7,87,61,129,257,584
MOBILESUITGUNDAM00,2022,1,1831,4.8,38,33,70,179,480
MobileSuitGUNDAMIronBloodedOrphans,2017,1,4304,4.8,99,77,261,491,1.6
MobileSuitGundamNarrative,2023,1,324,4.3,7,10,8,16,43
MobileSuitGundamSeed,2019,1,1351,4.6,53,16,46,153,385
MobileSuitGundamSeedDestiny,2016,1,847,4.4,15,7,20,63,206
MOBILESUITGUNDAMTHEORIGIN,2017,1,432,4.8,31,17,46,72,249
MOBILESUITGUNDAMTHEORIGINAdventoftheRedComet,2022,1,1119,4.8,19,17,22,24,72
MOBILESUITGUNDAMUNICORNRE:0096,2023,1,867,4.6,101,19,15,5,41
MobileSuitGundamWing,2022,1,2256,4.7,21,9,27,94,340
MobileSuitGundamWingENDLESSWALTZ,2023,1,1169,4.8,62,40,79,195,573
MobileSuitGundamZZ,2018,1,444,4.2,149,63,195,397,1.9
MobileSuitGundam:CucuruzDoan'sIsland,2020,1,490,4.7,8,5,5,5,15
MobileSuitGundam:TheWitchfromMercury,2017,1,17852,4.7,177,38,74,54,191
MobileSuitZetaGundam,2016,6,555,4.6,165,99,259,969,6.8
MoeyoKen,2021,1,117,4,6,10,17,23,33
MonsterGirlDoctor,2022,1,8734,4.5,55,55,188,618,3
MonsterHunterStoriesRideOn,2022,1,225,4.1,10,7,18,27,84
MonsterStrike,2011,1,297,3.5,51,54,126,282,694
MonsterStriketheMovie:LuciferDawnofDespair,2012,2,107,3.4,335,63,53,58,280
MorethanaMarriedCouple,2020,1,47346,4.8,1.7,1.1,2.4,5.7,21.6
MoriartythePatriot,2015,4,11666,4.8,889,523,1.5,5,58.2
MoritasanwaMukuchi,2018,1,426,4.3,297,19,51,76,484
Moyashimon,2018,1,159,4.5,83,68,186,742,4.6
MrLove:Queen'sChoice,2018,1,1606,4.3,63,52,149,520,2.3
Mr.Osomatsu,2018,2,942,4.7,38,9,9,26,190
Mr.TONEGAWAMiddleManagementBlues,2018,1,256,4.4,16,19,37,70,174
Ms.KoizumiLovesRamenNoodles,2013,1,566,4.2,98,46,84,200,6.6
Ms.Vampirewholivesinmyneighborhood.,2022,1,1317,4.6,26,23,110,326,1.1
Muhyo\u0026Roji'sBureauofSupernaturalInvestigation,2022,2,565,4.3,242,169,478,1.8,11.5
MurderPrincess,2010,1,441,4.3,148,46,95,234,1.9
Muromi-san,2013,1,171,4.4,30,9,37,53,186
Musasi-no,2023,2,544,2.6,24,13,29,31,91
MUSHI-SHI,2018,1,6160,4.8,92,29,62,57,158
Mushi-Uta,2022,1,732,4.6,31,13,20,3,20
Mushibugyo,2021,1,621,4.6,7,11,14,53,145
MushokuTensei:JoblessReincarnation,2014,1,131340,4.8,157,13,30,102,743
MusicGirls,2023,1,158,3.8,33,8,17,27,121
MUTEKINGTHEDancingHERO,2023,1,80,3.2,20,3,10,34,351
Muv-LuvAlternative,2022,1,2525,4.1,9,17,22,32,76
MyBrideisaMermaid,2023,1,498,4.7,74,32,78,207,1.2
MyCluelessFirstFriend,2023,3,9529,4.9,505,193,550,2.2,23
MyDaughterLefttheNestandReturnedanS-RankAdventurer,2023,1,5361,4.5,237,113,293,619,2.1
MyDress-UpDarling,2012,1,102187,4.9,18,15,21,62,134
MyFirstGirlfriendisaGal,2015,1,10642,4.3,48,30,66,187,1.2
MyHeroAcademia,2023,1,153569,4.7,6,6,10,23,105
MyHomeHero,2013,1,6839,4.6,105,26,41,151,645
MyLittleMonster,2023,1,11781,4.6,61,20,43,56,134
MYloveSTORY!!,2021,2,10855,4.8,858,398,901,3.9,63.3
MyLoveStorywithYamada-kunatLv999,2023,1,57430,4.9,22,17,44,106,688
MyMentalChoicesareCompletelyInterferingwithmySchoolRomanticComedy,2019,1,2268,4.3,33,18,74,281,1.5
MyNewBossisGoofy,2023,1,4483,4.9,23,17,44,187,1.6
MyNextLifeasaVillainess:AllRoutesLeadtoDoom!,2018,2,20170,4.7,52,34,73,318,3.8
MyOne-HitKillSister,2022,1,11061,4.1,21,9,23,61,210
MyRoommateisaCat,2018,1,4404,4.8,45,24,68,171,1
MySenpaiIsAnnoying,2023,1,4582,4.7,38,27,62,148,572
MySister,2023,1,1001,3.8,11,2,10,33,376
MyStepmom'sDaughterIsMyEx,2015,4,22231,4.4,15,9,31,88,976
MySweetTyrant,2016,1,2007,4.5,19,18,45,143,642
MyTinySenpai,2009,1,8333,4.5,42,32,102,281,1.8
MyUniqueSkillMakesMeOPevenatLevel1,2019,1,20963,4.4,22,12,26,95,1
MyWifeistheStudentCouncilPresident,2019,1,4263,4.4,27,12,58,79,268
MyriadColorsPhantomWorld,2014,1,3455,4.4,8,10,12,62,398
Myself;Yourself,2016,1,5066,4.6,575,218,423,1.2,15.4
MYSTERIAFriends,2009,9,1101,4.5,25,7,23,48,452
NAMUAMIDABUTSU!-UTENA-,2017,17,128,4.1,14,8,14,11,70
Nanana'sBuriedTreasure,2012,1,759,4.2,243,204,520,1.6,6.1
NANBAKA,2022,1,3631,4.7,27,10,19,35,134
Naruto,2011,1,55614,4.7,71,21,29,33,143
NarutoShippuden,2016,2,129345,4.7,36,4,4,10,53
NARUTOSpin-Off:RockLee\u0026HisNinjaPals,2017,1,1980,4.3,514,248,810,2.8,43
NatsumeYujin-cho,2016,1,9855,4.8,121,62,189,768,10.5
NatsumeYujin-cho4,2022,1,1559,4.9,17,19,39,87,264
NatsumeYujin-cho5,2009,2,1034,4.9,4,4,9,34,108
NatsumeYujin-cho6,2017,1,1232,5,68,68,188,325,957
Nazotokine,2016,2,89,2.7,34,13,16,76,803
Nekopara,2022,1,1376,4.5,15,7,16,39,179
NeoAngeliqueAbyss,2023,1,3541,4.5,27,32,52,147,308
NetsuzouTrap-NTR-,2021,1,2881,3.2,33,16,70,198,1
NEWGAME!,2023,1,2930,4.7,23,18,50,123,351
Nichijou-MyOrdinaryLife,2023,1,6057,4.9,19,12,41,100,269
NieR:AutomataVer1.1a,2020,1,20877,4.8,10,6,10,30,115
NIGHTHEAD2041,2016,3,891,4.3,252,49,68,30,145
NIJIYONANIMATION,2015,1,556,4.2,72,41,95,339,5.6
NingenFushin:AdventurersWhoDon'tBelieveinHumanityWillSavetheWorld,2022,1,17206,4.4,16,19,44,118,535
NinjaCollection,2020,1,195,2.7,13,10,44,95,459
NinjaGirl\u0026SamuraiMaster,2016,1,180,4.7,2.6,771,1.5,5.4,121.1
NINJASLAYERFROMANIMATION,2014,1,40,3.5,21,13,21,22,81
NoGunsLife,2019,2,1851,4.6,22,10,9,8,31
Noblesse,2017,1,11984,4.6,262,103,279,483,1.4
Noblesse:Awakening,2013,1,2564,4.6,10,4,21,37,426
NobunagaConcerto,2022,2,648,4.6,68,62,178,603,8.6
Nobunagateacher'syoungbride,2019,1,1849,3.3,208,119,267,704,4.1
Noein:ToYourOtherSelf,2022,1,271,4.4,1.1,317,1.1,5.4,94.2
NonNonBiyori,2016,1,2333,4.8,725,290,850,2.2,6.6
Noragami,2017,1,18659,4.8,3.5,1.1,3.6,13.8,131.5
Null\u0026Peta,2021,1,166,4,167,129,308,931,5.3
number24,2012,4,972,4.5,182,167,672,2.1,8.6
Nyanbo!,2020,1,115,3.9,115,56,240,942,9.5
NyankoDays,2021,2,544,4.5,400,231,765,3.2,52.9
Nyanpire-TheVampireCat,2023,1,350,4.3,109,80,203,520,1.4
Nyarko-san:AnotherCrawlingChaos,2020,2,1379,4.4,82,16,52,127,4.2
OdaCinnamonNobunaga,2016,1,423,4.3,266,200,703,2.4,16.6
ODDTAXI,2017,1,9998,4.8,1.1,526,929,1.9,6.6
OFFSIDE,2017,1,144,3.8,22,22,100,385,3.9
Oh,2017,1,604,4.3,98,33,117,538,3.8
OjisanandMarshmallow,2023,15,873,4.5,143,79,117,206,456
Okami-sanandHerSevenCompanions,2019,2,1402,4.4,1.1,493,1.3,3.7,15.6
OmamoriHimari,2014,1,855,4.5,60,49,144,425,1.3
OnaraGoro,2017,3,500,3.4,361,194,435,1.1,6.2
OnePiece,2021,2,361813,4.9,833,798,1.7,2.8,14.8
One-PunchMan,2020,2,44992,4.8,276,114,281,659,2.9
Onee-changaKita,2016,1,1109,4.3,99,89,277,758,2.2
OneRoom,2016,1,702,3.6,74,59,266,1.2,3.5
ONIHEI,2014,1,444,4.7,29,40,72,163,797
OnyxEquinox,2014,1,2278,4.3,9,9,15,27,68
Ooya-sanwaShishunki!,2023,1,363,4.3,51,23,71,163,451
Orange,2022,1,12664,4.7,76,45,132,373,3
ORECABATTLE,2021,1,45,3.6,1.4,353,1.2,5.9,46.8
OrenchinoFuroJijo,2011,1,3385,4.4,3.3,922,2.7,13.2,109.3
ORGUSS,2022,1,122,4.1,182,42,133,251,1.4
ORIENT,2010,1,15087,4.4,77,45,199,1.3,8.3
Osamake:RomcomWhereTheChildhoodFriendWon'tLose,2023,1,5474,4,9,3,18,81,1.4
Otalku,2022,1,36,2.5,3,2,14,33,982
OthersidePicnic,2021,1,985,4.6,3,2,6,24,1.2
OtomeYokaiZakuro,2022,5,2019,4.6,28,16,19,7,19
OurDatingStory:TheExperiencedYouandTheInexperiencedMe,2023,1,8388,4.6,71,28,81,159,1
OurLastCrusadeortheRiseofaNewWorld,2016,1,6303,4.6,71,69,225,792,2.4
OvertheSky,2016,1,487,3.8,897,175,342,338,1.1
Overlord,2023,1,79102,4.8,32,27,93,418,2.4
OVERTAKE!,2022,1,2945,4.8,64,25,96,263,5.6
OZMAFIA!!,2022,1,134,3.4,437,214,518,1.3,18.4
PandePeace!,2014,1,235,4.1,47,33,75,202,534
ParadoxLiveTHEANIMATION,2019,1,1471,4.3,66,15,36,66,373
ParallelWorldPharmacy,2019,1,31085,4.8,510,655,1.6,3.4,11
ParanoiaAgent,2021,1,1934,4.5,81,28,12,25,49
Parasyte-themaxim-,2011,1,26515,4.8,4,3,4,23,146
PastelMemories,2014,1,77,3.6,11,1,3,7,18
PEACEMAKERKUROGANE,2023,1,193,3.9,38,30,86,292,1.4
PeachBoyRiverside,2012,1,4598,3.9,267,208,563,1.7,9.3
PeepingLife,2022,1,187,3.1,80,35,105,275,2.1
Persona4theGoldenANIMATION,2018,1,778,4.3,32,10,24,82,500
PERSONA5theStage,2010,1,490,3.3,470,159,225,301,694
PES:PeaceEcoSmile,2017,1,45,3.1,13,12,22,35,189
PhantasyStarOnline2:EpisodeOracle,2017,2,334,4.2,32,13,41,153,2.1
PhantomintheTwilight,2014,1,1166,4.2,115,89,375,1.7,16.4
PhantomThiefReinya,2018,1,197,4.1,11,13,24,28,90
Piacevole,2022,2,129,4.2,31,23,53,155,710
Pikotaro'sLULLABYLALABY,2015,1,142,3.4,20,6,8,16,65
PingPongtheAnimation,2022,1,1099,4.8,13,18,41,76,396
PlanetWith,2022,1,363,4.3,22,14,28,53,233
Planetarian,2016,1,502,4.7,69,31,91,230,958
PlasticMemories,2022,1,10658,4.8,23,19,30,67,284
PlatinumEnd,2012,1,11611,3.8,129,46,123,632,9.1
PlayItCool,2022,1,5500,4.8,25,8,13,16,82
Pleasetellme!Galko-chan,2018,4,781,4.5,58,21,39,73,413
Plunderer,2023,1,10384,4.5,19,18,74,188,574
PolarBearCafe,2012,1,807,4.6,85,33,100,258,926
PoliceinaPod,2022,1,553,4.5,32,21,47,111,644
PopTeamEpic,2021,1,2669,4.2,176,15,18,25,266
PowerofHope~PrecureFullBloom~,2022,1,598,4.2,7.8,1.8,2.9,7.2,342
Poyopoyo,2020,2,474,4.6,1.1,200,701,3.4,39.5
PrettyBoyDetectiveClub,2018,1,475,4.4,43,40,97,235,694
PrettyCure,2015,2,1233,4.5,140,62,86,91,323
PrinceofStride:Alternative,2012,1,466,4.6,4,4,17,54,365
PrincessConnect!Re:Dive,2017,1,6643,4.5,195,90,131,310,1.6
PrincessJellyfish,2021,1,1779,4.8,10,17,32,82,222
PrisonSchool,2023,2,7915,4.5,190,105,387,1.5,10.4
ProblemChildrenareComingfromAnotherWorld,2015,1,2948,4.6,10,5,2,3,25
ProjectBlueEarthSOS,2021,1,86,4.1,168,81,226,586,2.3
PsychicPrincess,2018,2,13639,4.8,12,7,9,20,74
PSYCHO-PASS,2020,1,6457,4.7,823,469,1,2.5,10.3
PUNCHLINE,2019,1,1173,4.1,476,290,654,1.1,2.9
PuraOra!PRIDEOFORANGE,2018,1,342,4.2,20,1,3,1,11
RADIANT,2021,2,9129,4.5,18,12,64,152,739
RailRomanesque,2022,1,300,3.7,12,16,114,489,1.4
RainyCocoasideG,2022,1,125,3.3,420,92,210,582,7.1
RampoKitan:GameofLaplace,2016,5,465,4.1,58,88,345,1.1,4.8
RankingofKings,2016,1,46654,4.8,54,42,67,99,225
RavenoftheInnerPalace,2023,1,10360,4.8,1.1,529,1.1,3.9,72.5
RE-MAIN,2023,1,2514,4.7,62,25,57,162,2.6
Re:ZERO-StartingLifeinAnotherWorld-,2009,9,45138,4.7,23,18,20,22,51
Re:ZERO-StartingLifeinAnotherWorld-Shorts,2018,2,717,4.4,15,17,31,47,125
RebornasaVendingMachine,2012,2,18626,4.2,162,40,56,140,1.1
ReborntoMastertheBlade:FromHero-KingtoExtraordinarySquire,2017,2,16562,4.5,330,231,796,3.1,26.6
REBORN!,2022,1,16356,4.7,82,48,87,260,1.5
RecordofLodossWar,2023,1,831,4.7,182,131,599,3.1,22.5
RecorderandRandsell,2016,2,634,4.1,7,13,14,9,34
RecoveryofanMMOJunkie,2021,1,10326,4.7,29,8,15,33,108
Regalia:TheThreeSacredStars,2023,2,180,4.2,439,311,605,976,2.3
ReignoftheSevenSpellblades,2022,1,15307,4.2,61,10,22,37,57
ReLIFE,2018,1,14348,4.8,39,36,60,158,485
RemakeOurLife!,2017,2,13205,4.7,187,13,18,27,245
Rent-a-Girlfriend,2023,1,62717,4.3,12,7,5,5,16
RequiemoftheRoseKing,2022,1,1726,3.9,28,13,30,71,192
RErideD-Derrida,2019,1,466,3.6,63,58,132,280,633
RestauranttoAnotherWorld,2022,1,7722,4.8,12,11,27,49,98
Revenger,2022,1,6091,4.5,3,5,17,42,62
RIN~DaughtersofMnemosyne~,2022,2,956,4.4,42,9,9,12,70
Rinshi!!Ekodachan,2017,1,198,2.1,18,10,14,40,1
RobiHachi,2015,1,258,4.2,16,11,41,77,218
RoboGeisha,2023,1,95,2.8,19,5,13,42,423
Robotech,2023,1,948,4.4,109,80,253,837,9.4
Robotics;Notes,2020,1,304,4.3,1.5,860,1.5,2.2,5.6
Rokka-BravesoftheSixFlowers-,2017,1,7485,4.2,140,39,125,416,4.8
Rokudo'sBadGirls,2014,1,5056,4.4,19,13,63,162,524
RonKamonohashi'sForbiddenDeductions,2022,1,3987,4.8,339,265,588,1.6,7.6
ROOMCAMP,2022,1,1086,4.7,22,13,34,98,640
RoomMate,2017,1,661,2.8,24,10,22,102,395
RowdySumoWrestlerMatsutaro,2018,1,112,3.7,359,77,139,306,1.8
RPGRealEstate,2023,1,1965,4.2,89,21,15,44,429
RUMBLEGARANNDOLL,2022,1,251,4.1,12,7,27,79,349
RumblingHearts,2013,9,329,4.1,26,18,34,66,331
RunwiththeWind,2022,1,3984,4.9,63,21,71,204,874
RurouniKenshin,2023,1,16841,4.8,12,6,18,70,360
RustedArmors,2014,1,843,1.5,228,200,416,926,4.9
RWBY,2022,1,16719,4.7,38,8,28,128,1.6
RWBY:IceQueendom,2023,1,7375,4.4,431,128,309,923,6.1
RYO,2015,1,188,4,51,46,171,459,2.2
Sabagebu!-SurvivalGameClub!–,2017,3,649,4.5,7,5,7,23,44
SABIKUIBISCO,2023,1,10493,4.6,262,110,252,1,12
SacrificialPrincessandtheKingofBeasts,2015,1,12652,4.8,99,54,189,823,5.3
Saekano-HowtoRaiseaBoringGirlfriend-,2018,1,4576,4.6,102,58,109,262,642
SagaofTanyatheEvil,2022,1,19760,4.8,30,9,24,67,212
SaintCeciliaandPastorLawrence,2017,1,4511,4.6,286,234,463,1.3,6.8
SaintSeiya-SoulofGold,2009,2,1356,4.7,41,35,46,42,136
SaintSeiyaSaintiaSho,2012,1,768,3.9,24,17,24,18,42
SAINTSEIYA:KnightsoftheZodiac,2021,1,3711,4.2,50,22,38,83,272
SAIYUKIRELOADBLAST,2022,1,646,4.5,686,243,650,2.6,42.5
Saki,2022,1,2617,4.5,89,40,190,833,9.2
SakiEpisodeofSideA,2022,1,233,4.2,38,24,97,364,2
SAKUGAN,2015,1,3053,4.3,1.2,589,1.4,4.3,37.7
SakuraWarstheAnimation,2018,1,241,3.8,40,21,48,135,473
SakuraWarstheMovie,2019,1,100,3.8,2,510,1.2,2.7,12.2
Salaryman’sClub,2022,2,3125,4.7,630,534,1.2,2.5,11.7
SamuraiWarriors,2017,1,291,4.3,198,105,327,2.6,13.1
SANRIOBOYS,2023,1,1309,4.6,33,10,29,69,690
Sarazanmai,2022,1,771,4.3,38,41,74,159,322
SasakiandMiyano,2018,1,22459,4.9,107,90,385,1.5,8.2
SasamiMagicalGirlsClub,2023,1,83,3.6,12,13,15,31,109
Saving80,2018,1,13077,4.6,1.1,756,1.4,2.4,9.6
ScaronthePraeter,2009,1,373,4,118,73,294,1.4,12.5
Scar-redRiderXechS,2017,1,67,2.9,176,124,422,1.5,10.9
ScarletNexus,2016,1,1991,4.1,6.1,1.7,3.3,7.3,44.3
SchoolBabysitters,2020,2,9139,4.9,254,90,149,239,994
SchoolDays,2016,1,8340,3.6,47,51,84,125,159
SchoolgirlStrikers,2022,1,114,3.6,87,62,206,711,6.7
SchwarzesMarken,2021,1,1280,4.3,155,117,397,1.1,4.4
ScienceFellinLove,2019,1,8673,4.6,61,27,50,165,653
ScorchingPingPongGirls,2021,1,459,4.3,120,12,19,13,34
ScrappedPrincess,2023,2,569,4.3,21,12,18,47,160
SDGUNDAMWORLDHEROES,2016,1,104,3.3,44,6,6,6,33
SDGUNDAMWORLDSANGOKUSOKETSUDEN,2022,1,111,3.2,99,8,23,78,740
SeireiGensouki:SpiritChronicles,2017,1,31225,4.7,20,7,20,69,188
SekaiIchiHatsukoi-World'sGreatestFirstLove,2012,1,5678,4.6,357,320,773,1.8,4.2
SekkoBoys,2017,1,394,3.3,232,154,371,763,3.5
SelectionProject,2016,2,346,4.6,61,35,63,266,3.6
SengokuBASARA-EndofJudgement,2023,1,257,4,17,20,28,116,905
SengokuCollection(ParallelWorldSamurai),2018,2,215,3.8,233,79,108,61,180
SENGOKUNIGHTBLOOD,2019,1,1988,3.9,19,12,6,19,56
SENGOKUCHOJYUGIGA,2013,2,100,3.6,149,68,189,401,1.2
SenranKagura,2017,1,708,4.1,20,18,28,47,138
SENRANKAGURASHINOVIMASTER,2020,1,815,3.9,29,18,29,54,199
SenryuGirl,2021,1,812,4.7,24,16,49,240,3.7
Senyu,2017,1,579,4.1,364,88,205,713,15.5
SERVAMP,2022,1,2091,4.5,680,38,39,24,62
SetonAcademy:JointhePack!,2022,2,2958,4.5,720,235,395,984,14.4
SEVENKNIGHTSREVOLUTION:HeroSuccessor,2023,2,1994,4,471,254,479,988,5.2
SevenMortalSins,2023,1,3894,3.2,19,14,17,32,106
Shachibato!President,2017,1,568,4,31,7,39,94,478
SHADOWSHOUSE,2016,1,8157,4.8,187,159,479,1.6,8.1
Shadowverse,2023,1,1142,3.5,221,86,220,721,11.4
Shangri-LaFrontier,2016,1,27341,4.9,107,92,206,720,3.5
ShatteredAngels,2022,1,187,3,256,107,322,1.4,17.6
SheandHerCat-EverythingFlows-,2022,1,2613,4.8,123,66,204,561,3.6
SheProfessedHerselfPupiloftheWiseMan,2023,1,8079,4.4,33,23,56,154,1.1
SHELTER,2022,1,5275,4.9,120,36,74,93,445
ShenmuetheAnimation,2009,1,2513,4.5,517,81,131,247,2.7
Shikimori'sNotJustaCutie,2010,1,34262,4.5,28,14,34,78,492
SHIMONETA:ABoringWorldWheretheConceptofDirtyJokesDoesn’tExist,2022,1,5555,4.7,45,36,165,698,1.7
ShinIkkiTousen,2022,1,1801,4.3,14,11,27,44,137
ShinKoihimeMusou,2016,1,965,4.5,136,113,319,540,1.9
ShinKoihimeMusou-OtomeTairan,2022,1,603,4.5,41,11,27,43,119
Shineon!BakumatsuBadBoys,2015,1,1801,4.1,17,5,8,17,53
ShinobinoIttoki,2022,1,23666,3.9,56,31,108,426,2.5
ShiratoriReiko,2016,1,90,2.7,13,11,32,64,171
ShironekoProjectZEROChronicle,2022,1,1501,3.4,24,22,74,198,991
SHOKU-KING(MotionManga),2022,3,32,3,67,24,33,102,545
ShominSample,2023,1,2434,4.6,428,41,170,814,21
ShonenAshibeGO!GO!Goma-chan,2016,2,65,3.3,20,2,7,14,40
Shoot!GoaltotheFuture,2023,1,2068,3.3,276,237,671,1.9,10
ShowByRock!!,2020,1,263,4.3,38,21,41,89,184
SHOWBYROCK!!Mashumairesh!!,2023,1,166,4.2,28,4,7,5,23
ShowaGenrokuRakugoShinju,2022,1,972,4.8,155,129,233,402,1.1
SHY,2022,1,2894,4.4,91,21,119,474,8.4
SING\YESTERDAY\FORME,2011,1,4455,4.3,1.7,445,785,1.6,3.8
SK8theInfinity,2023,1,16247,4.9,13,17,15,21,48
Skate-LeadingStars,2008,1,508,4.3,71,40,110,278,781
SkeletonKnightinAnotherWorld,2018,1,49296,4.7,221,202,519,1.3,6.4
SKETDance,2017,1,1878,4.6,37,14,26,59,323
SkipandLoafer,2022,1,21398,4.9,31,14,55,131,338
SkipBeat!,2022,1,18142,4.7,27,14,9,10,44
Skull-faceBooksellerHonda-san,2022,1,1989,4.6,36,7,12,6,50
SkyWizardsAcademy,2022,1,1683,4.3,421,375,1,3.5,26
SleepyPrincessintheDemonCastle,2020,1,6632,4.8,225,38,147,752,4.5
SlowLoop,2022,1,757,4.7,111,24,49,64,146
SmileDowntheRunway,2021,1,879,4.7,13,7,16,29,281
SmileoftheArsnotoriatheAnimation,2020,1,1404,3.6,31,13,29,31,153
SNACKWORLD,2022,1,81,2.2,20,19,34,46,96
SnowWhitewiththeRedHair,2022,1,8883,4.8,234,146,229,369,1
SoI'maSpider,2021,1,41715,4.7,20,9,11,15,45
SomaliandtheForestSpirit,2022,4,5928,4.8,96,19,52,102,439
SonnyBoy,2017,1,3743,4.7,112,47,71,135,450
SonyMusicAnimeSongsONLINE2022,2016,1,295,4.6,5,9,37,107,654
SorairoUtility,2022,1,341,4.4,63,23,52,95,346
SorcerousStabberOrphen,2015,2,2162,4,50,60,150,389,1.4
SorceryintheBigCity,2018,2,202,3.8,65,64,178,601,2
SoulBuster,2013,1,152,3.4,126,124,298,553,893
SoulEater,2016,1,10195,4.8,1.2,221,462,488,1.5
Sound!Euphonium,2013,1,2430,4.8,32,33,97,151,255
SpaceBattleshipTiramisu,2022,1,352,3.8,126,46,150,723,7.1
SpaceBrothers,2022,2,947,4.8,297,58,92,127,568
SPACEPATROLLULUCO,2017,2,691,4.6,245,133,279,1.1,25.6
Sparrow'sHotel,2023,2,131,3.7,67,16,17,26,61
Special7:SpecialCrimeInvestigationUnit,2010,3,321,4.3,39,21,39,183,2.3
SpiceandWolf,2020,1,5386,4.8,290,237,541,1.6,5.4
Spiritpact,2022,1,3138,4.6,53,11,42,167,5
SPYxFAMILY,2018,1,245739,4.9,98,63,145,301,1.9
SquidGirl,2022,2,2157,4.6,1.6,1,2.1,4.7,24.8
Squishy!BlackClover,2013,2,353,4.3,172,68,223,566,4.5
SSSS.DYNAZENON,2023,1,925,4.5,153,63,99,197,1.3
SSSS.GRIDMAN,2018,1,1388,4.4,30,19,62,220,634
StandMyHeroes:PieceofTruth,2017,2,592,3.7,19,14,33,120,417
StarBlazers:SpaceBattleshipYamato,2022,1,1132,4.8,122,76,257,369,977
StardustTelepath,2022,1,1678,4.5,2.6,1.7,3,4.2,12.3
StarlightPromises,2023,1,241,4.3,45,4,5,9,27
STARMYU,2013,1,146,4.4,305,166,260,231,539
StarsAlign,2022,1,1969,4.8,11,4,3,1,13
Steins;Gate0,2014,2,5060,4.8,54,41,152,425,1.8
StellaoftheTheater:WorldDaiStar,2013,3,807,4.4,19,4,6,10,26
StraightTitleRobotAnime,2022,3,101,2.6,499,205,311,260,793
STRAIN:StrategicArmoredInfantry,2019,2,203,4,24,8,13,38,180
Strange+,2023,1,154,3.5,21,4,10,23,108
StriketheBlood,2023,1,4066,4.4,17,11,8,52,884
StrikeWitches,2021,1,957,4.2,207,99,179,345,2.1
StrikeWitches:501stJOINTFIGHTERWINGTakeOff!,2022,1,276,4.1,215,178,420,930,2.7
SugarAppleFairyTale,2016,2,16140,4.8,113,61,247,1.1,14.7
SummonedtoAnotherWorldforaSecondTime,2022,1,14752,3.7,24,25,57,91,311
SuperCub,2023,1,2132,4.8,797,432,1.5,5.3,41.3
SUPERHXEROS,2023,1,850,4.2,21,20,97,348,1.4
SUPERLOVERS,2021,3,4730,4.3,174,62,296,1.3,19.6
SupposeaKidfromtheLastDungeonBooniesmovedtoastartertown,2023,1,12417,4.4,142,71,320,3.2,14.4
Suzume,2015,5,14365,4.9,60,34,115,276,1.5
SweetReincarnation,2016,1,14040,4.5,57,57,177,429,963
SwordArtOnline,2016,1,54680,4.7,67,35,155,502,5.9
SwordArtOnline-FULLDIVE-,2017,1,742,4.2,13,9,32,100,603
Symphogear,2022,1,767,4.7,20,6,23,127,703
TabimachiLateshow,2015,1,90,4.2,232,136,214,217,605
TabooTattoo,2021,1,3363,3.4,52,3,5,1,20
TaishoMebiuslineChicchaisan,2022,1,147,3.2,63,45,184,711,7.9
TaishoOtomeFairyTale,2020,1,4284,4.9,744,495,1.3,4.4,34.7
TakamiyaNasunoDesu!,2022,1,84,3.8,57,34,138,504,5.2
taktop.Destiny,2022,1,19253,4.6,92,55,140,396,3.1
TalentlessNana,2020,1,2582,4.3,19,4,5,14,253
TALESOFCRESTORIA-THEWAKEOFSIN-,2022,1,234,3.9,21,11,22,57,230
TalesofLuminariatheFatefulCrossroad,2015,1,693,3.5,203,123,253,471,1.1
TalesofZestiriatheX,2021,2,1859,4.5,26,22,19,29,106
TAMAofthe3rdDistrict-HaveYouSeenMyTAMA?,2023,1,52,4.1,30,17,26,21,58
TAMAYOMI:TheBaseballGirls,2023,1,656,4.3,110,85,268,1.2,8.6
TanteiTeamKZJikenNote,2012,9,78,3.8,24,17,46,190,2.2
TawawaonMonday,2009,1,2389,4.2,57,19,32,63,181
TearmoonEmpire,2023,1,4556,4.8,16,10,28,83,810
TechnoroidOVERMIND,2020,2,1106,3.8,11,17,48,117,498
Teekyu,2022,1,444,3.8,16,17,17,25,56
TegamiBachiLetterBee,2015,1,4063,4.6,9,13,35,80,184
TenchiMuyo!GXPParadiseStarting,2023,1,591,4.2,61,38,133,420,4.7
TenchiMuyo!Ryo-Ohki,2022,1,418,4.5,100,59,130,425,2.4
TenchiMuyo!WaronGeminar,2014,2,2644,4.7,2.9,1,2.7,10.4,228.8
TenjhoTenge,2022,1,1425,4.3,26,33,126,478,1.5
TenPuru,2020,1,5690,4.5,38,8,19,44,244
TEPPEN!!!!!!!!!!!!!!!Laughing'tilYouCry,2023,5,880,3.8,40,20,71,143,651
TERRAFORMARS,2023,1,2126,4.1,44,47,116,299,882
TeslaNote,2020,1,200,2.8,91,37,87,100,277
ThatistheBottleneck,2012,1,95,3.7,16,5,19,64,1
ThatTimeIGotReincarnatedasaSlime,2017,4,105216,4.9,109,56,81,119,1.3
The100GirlfriendsWhoReally,2023,1,11769,4.8,11,10,25,56,139
The8thson?Areyoukiddingme?,2023,1,18590,4.4,12,3,6,19,106
TheAmbitionofOdaNobuna,2021,1,2128,4.6,27,9,55,197,1.7
TheAncientMagus'Bride,2023,1,35093,4.8,81,34,92,387,4.5
TheAngelNextDoorSpoilsMeRotten,2018,1,39869,4.9,64,20,51,88,584
TheApothecaryDiaries,2023,1,29372,5,50,5,9,7,30
Theaquatopeonwhitesand,2020,1,3529,4.7,19,9,29,43,103
TheAristocrat’sOtherworldlyAdventure:ServingGodsWhoGoTooFar,2023,1,42264,4.6,30,14,28,19,63
TheBetrayalKnowsMyName,2023,3,464,4.6,185,134,360,730,2.7
TheCaféTerraceandItsGoddesses,2022,3,10670,4.6,106,27,59,148,617
TheCaseFilesofJewelerRichard,2022,1,1742,4.7,29,9,25,45,168
TheCaseStudyofVanitas,2022,1,24263,4.8,237,157,397,1.3,14.1
TheCrunchyrollAnimeAwards,2022,1,515,2.8,1.8,1.6,2.4,2.3,6.6
TheDailyLifeoftheImmortalKing,2023,1,30553,4.5,19,23,45,202,1.8
TheDawnoftheWitch,2022,1,13867,4.2,56,41,102,147,504
TheDayIBecameaGod,2015,1,1927,4.5,540,75,183,519,3.4
TheDefective,2023,1,350,3.7,299,352,1.1,2.6,8.1
TheDetectiveIsAlreadyDead,2017,1,5714,4.5,137,74,139,548,13.5
TheDevilisaPart-Timer!,2022,2,28716,4.5,468,377,989,2.2,10
TheDiaryofOchibi(MotionManga),2022,1,34,3.1,1.4,865,1.9,4.9,45.7
TheDisappearanceofHaruhiSuzumiya,2017,1,679,4.8,115,14,15,48,550
TheDisappearanceofNagatoYuki-Chan,2023,1,521,4.3,25,17,26,58,641
TheDukeofDeathandHisMaid,2023,2,9249,4.7,4,6,9,19,52
TheDungeonofBlackCompany,2023,1,5755,4.6,539,387,667,655,1.1
TheEccentricFamily2,2023,2,278,4.7,33,25,25,14,50
TheFamilyCircumstancesoftheIrregularWitch,2014,3,2634,4.2,26,19,66,284,3.9
TheFarawayPaladin,2017,1,28270,4.6,12,7,7,20,38
TheFireHunter,2023,1,1622,4.4,360,370,1,2.5,14.9
TheFruitofEvolution:BeforeIKnewIt,2023,1,31104,4,220,63,155,430,1.7
TheFruitofGrisaia,2022,1,4656,4.7,32,14,22,40,126
TheGalaxyRailways,2023,1,151,4.1,148,46,92,133,274
TheGeneofAI,2020,1,1902,4.3,79,34,99,274,1.4
TheGeniusPrince'sGuidetoRaisingaNationOutofDebt,2023,1,15595,4.8,6,4,3,7,32
TheGirlfromtheOtherSide,2021,1,5335,4.8,47,20,54,127,408
TheGirlILikeForgotHerGlasses,2022,1,13913,4.6,5,6,17,19,31
TheGodofHighSchool,2022,1,28143,4.6,193,87,181,471,1.5
TheGreatCleric,2022,1,27884,4.7,57,36,113,355,4
TheGreatJahyWillNotBeDefeated!,2019,1,6563,4.5,184,62,107,172,581
TheGreatestDemonLordIsRebornasaTypicalNobody,2021,1,32981,4.3,94,21,31,51,247
TheGymnasticsSamurai,2016,1,448,4.5,45,37,199,991,2.8
TheHeikeStory,2022,1,988,4.6,72,17,25,59,418
TheHelpfulFoxSenko-san,2020,1,3909,4.8,29,5,23,39,322
TheHiddenDungeonOnlyICanEnter,2022,1,21759,4.5,90,31,72,255,2.2
TheHighschoolLifeofaFudanshi,2023,1,1510,4.3,104,47,117,261,896
TheHonoratMagicHighSchool,2023,1,1535,4.5,239,122,316,771,4.2
TheHouseSpiritTatami-chan,2021,1,84,3.1,127,61,108,149,435
TheHumanCrazyUniversity,2017,1,872,3.5,189,97,199,437,1.2
TheIceGuyandHisCoolFemaleColleague,2017,3,20131,4.7,75,27,20,16,62
TheIcebladeSorcererShallRuletheWorld,2023,1,25231,4.4,10,12,10,25,38
TheIdatenDeitiesKnowOnlyPeace,2023,1,4289,4.6,819,389,1,4.1,98.9
THEIDOLM@STERCINDERELLAGIRLS,2017,1,236,4.5,354,78,137,454,10.7
THEIDOLM@STERCINDERELLAGIRLSTheater,2018,1,77,4.1,621,604,1.5,4,11.9
THEIDOLM@STERCINDERELLAGIRLSU149,2014,3,583,4.4,45,29,145,366,1.5
THEIDOLM@STERMillionLive!,2017,1,315,4.1,533,329,877,2.8,30.6
THEIDOLM@STERSideM,2020,1,134,4.1,290,206,603,2,36.8
THEIDOLM@STERSideMWakeatteMini!,2022,1,48,3.4,112,21,64,462,28.7
TheIrregularatMagicHighSchool,2018,1,12605,4.6,52,39,105,364,3
TheIrresponsibleGalaxyTylor,2023,1,104,2.4,1.4,950,1.9,4.2,33.8
TheIslandofGiantInsects,2023,1,749,3,7,11,29,76,341
TheJourney,2023,1,551,3.3,415,168,314,1.1,8.7
TheJourneyHome,2023,1,93,2.6,30,16,85,267,1.3
TheKingdomsofRuin,2022,1,15246,4.6,311,166,517,2.2,21.1
TheLastSummoner,2016,1,10257,4,235,29,35,24,192
TheLegendofHeroes:TrailsofColdSteel-NorthernWar,2023,1,2972,3.9,1.6,559,1.3,3.6,23.5
TheLegendaryHeroisDead!,2019,1,12097,4,777,638,1.5,3.2,7.7
TheLittleLiesWeAllTell,2022,1,1354,4.5,57,47,154,291,1.4
TheLostVillage,2023,1,1017,3.5,89,5,21,31,204
TheMagicalRevolutionoftheReincarnatedPrincessandtheGeniusYoungLady,2018,1,16073,4.6,201,162,375,806,4.2
TheMagnificentKOTOBUKI,2023,1,198,4.3,1.1,543,1.5,3.8,21.7
TheMaidIHiredRecentlyIsMysterious,2023,1,10220,4.5,9,5,5,3,12
THEMARGINALSERVICE,2010,1,1306,3.2,7,8,16,40,608
TheMasterofRagnarok\u0026BlesserofEinherjar,2022,1,6382,3.6,36,20,48,86,331
TheMasterfulCatIsDepressedAgainToday,2023,2,7643,4.8,187,110,270,819,7.9
TheMelancholyofHaruhiSuzumiya,2016,2,3301,4.5,119,119,337,1,4.2
TheMelodyofOblivion,2018,1,315,3.8,4,3,14,35,222
TheMillionaireDetective-Balance:UNLIMITED,2015,1,7924,4.7,230,160,213,368,1.7
TheMisfitofDemonKingAcademy,2021,1,44866,4.7,496,506,1.4,4.2,21.6
TheMoroseMononokean,2022,1,2514,4.7,62,62,115,286,1.1
TheMysticArchivesofDantalian,2015,1,217,4.6,3.1,2,3,5,18
TheNamekoFamilies,2019,1,49,3.7,91,63,169,522,3.8
TheNightBeyondtheTricorneredWindow,2022,1,3260,4.4,19,7,12,19,94
TheOnesWithin,2012,2,722,4.4,116,61,206,355,1.2
ThePerfectInsider,2023,1,606,4.3,147,105,409,1.7,13.3
ThePriceofSmiles,2015,1,361,3.5,93,44,139,458,4.6
ThePrinceofTennis,2022,1,1789,4.6,617,325,572,1.4,11
ThePrinceofTennisII,2019,1,1012,4.6,558,541,1.4,3.9,21.8
ThePrinceofTennisIIHyoteivs.RikkaiGameofFuture,2019,3,123,4.2,490,375,957,3,23
ThePrinceofTennisIIOVAvsGenius10,2017,1,347,4.6,240,136,404,987,4.8
ThePrinceofTennisIIU-17WorldCup,2023,1,1595,4.5,1.6,1.5,3.4,6.3,20.2
THEPROMISEDNEVERLAND,2023,3,24816,4.5,15,16,27,72,318
TheQuintessentialQuintuplets,2017,2,42584,4.8,38,10,34,125,781
TheReflection,2018,1,276,3.2,48,40,132,368,3.3
TheReincarnationOfTheStrongestExorcistInAnotherWorld,2023,2,33257,4.7,852,589,1.5,3.5,15.3
TheRisingoftheShieldHero,2017,2,88826,4.7,78,60,147,333,892
TheRoyalTutor,2021,1,2784,4.7,45,33,111,212,1.1
TheRyuo'sWorkisNeverDone!,2018,1,1038,4.4,18,15,13,14,24
TheSaint'sMagicPowerisOmnipotent,2022,1,17834,4.8,215,53,105,118,381
TheSilverGuardian,2022,1,1843,3.7,293,273,758,2.2,16.6
TheSlimeDiaries,2023,1,11708,4.8,1,930,2,3.8,17.4
TheSpritesofFloria,2015,1,73,2.9,211,52,132,440,3.5
TheStrangerbytheShore,2015,3,8280,4.8,10,5,18,32,171
TheStrongestSageWiththeWeakestCrest,2012,1,25642,4.2,11,4,5,2,55
Thetaleofoutcasts,2022,2,4519,4.6,58,8,20,48,449
TheTenthPrism(MotionManga),2022,1,45,3.2,56,5,11,24,219
TheTestamentofSisterNewDevil,2010,3,10077,4.5,18,4,11,14,87
THEUNLIMITEDHyobuKyosuke,2014,1,788,4.5,13,4,4,5,22
TheVampireDiesinNoTime,2017,1,3105,4.6,384,229,521,1.5,10
TheWorldEndsWithYouTheAnimation,2021,1,1045,4,50,11,17,5,21
TheWorldGodOnlyKnows,2022,1,8658,4.6,211,106,113,89,230
TheWorldisStillBeautiful,2023,1,4649,4.8,169,34,56,52,240
TheWorldYAMIZUKAN,2023,12,280,3,51,4,3,2,33
TheWorld'sFinestAssassinGetsReincarnatedinAnotherWorldasanAristocrat,2016,1,51281,4.7,902,406,519,864,12.6
TheYakuza'sGuidetoBabysitting,2016,1,18335,4.8,1.3,465,890,1.8,5.7
TheYuzukiFamily'sFourSons,2021,1,2163,4.7,310,208,393,513,1.5
TheatreofDarkness:Yamishibai,2016,5,1425,4.3,1.2,649,1.2,2.3,6.8
ThisArtClubHasaProblem!,2016,1,1047,4.4,54,33,75,229,963
ThisBoyisaProfessionalWizard,2016,2,1043,4.4,136,101,224,267,289
ThoseSnowWhiteNotes,2008,1,4512,4.8,529,266,553,1.6,13.1
ThunderboltFantasy,2017,1,716,4.1,10,7,13,48,120
TigerMaskW,2016,1,225,4.4,542,295,590,1.3,7.5
TimeBokan24,2018,1,41,3.2,278,173,236,198,421
TimeofEve,2023,1,4848,4.7,1,469,888,1.3,2.7
TimeTravelGirl,2023,1,63,4,124,48,115,476,6.9
TOBEHERO,2019,1,456,4.3,102,86,201,509,2.4
ToBeHeroine,2021,2,570,3.8,36,21,47,70,141
ToEveryYouI'veLovedBefore,2012,1,3417,4.7,131,91,342,1.2,6.2
ToMe,2022,1,3418,4.8,808,548,1.6,4.6,37.2
TotheAbandonedSacredBeasts,2022,1,2038,4.2,31,19,87,358,2
ToYourEternity,2022,4,41815,4.8,3,7,14,32,161
Tofugu,2022,2,65,3.6,9,4,5,7,24
Toilet-boundHanako-kun,2018,1,14470,4.8,251,59,200,526,2.2
Tokyo24thWard,2021,1,2019,4.2,34,22,50,137,479
TokyoGhoul,2023,1,29894,4.5,21,26,55,136,368
TokyoMajin,2023,1,388,4.2,55,37,59,77,133
TokyoRavens,2022,1,2125,4.5,101,21,63,154,1.4
TokyoRevengers,2014,1,70729,4.7,33,23,43,128,785
TokyoRevengers(LiveAction),2021,3,1496,3.7,18,2,4,10,89
Tomo-chanIsaGirl!,2016,1,56985,4.8,19,6,15,26,281
TomodachiGame,2012,1,24438,4.7,118,40,52,113,1.3
TonarinoSeki-kun:TheMasterofKillingTime,2012,1,2502,4.7,691,450,1.6,5,17
TONIKAWA:OverTheMoonForYou,2016,2,44741,4.8,510,203,751,2.9,38.2
TonkatsuDJAgetaro,2020,1,120,4.3,54,40,52,47,83
Toradora!,2022,1,30735,4.8,433,308,1.2,4,27.3
TotalEclipse,2012,1,765,4.2,1.7,1.2,3.2,9,73.7
ToukenRanbu-Hanamaru,2015,1,370,4.2,45,25,110,402,2.2
TowerofGod,2023,1,30502,4.7,54,22,72,185,705
TrappedinaDatingSim:TheWorldofOtomeGamesisToughforMobs,2016,1,49879,4.8,251,164,527,1.8,15.1
TravelingDaru,2023,1,83,4.1,263,150,234,336,860
TriageX,2014,3,1059,4.2,201,100,343,990,10.1
TribeNine,2019,1,657,4,26,12,6,3,26
Trickster,2019,1,599,4,132,41,147,587,7.4
TRIGUNSTAMPEDE,2023,2,23545,4.5,1.4,1.3,2.7,5.3,14.9
TRINITYSEVEN,2017,3,8051,4.6,124,93,231,533,3.5
TrueCookingMasterBoy,2017,1,275,4.1,14,3,6,4,18
TryKnights,2021,1,463,3.4,477,191,529,1.3,7.6
TsubasaRESERVoirCHRoNiCLE,2017,1,996,4.6,21,18,53,142,554
Tsugumomo,2020,1,3136,4.6,85,74,117,334,2.5
Tsukigakirei,2017,1,5744,4.7,102,53,124,229,537
TSUKIMICHI-MoonlitFantasy-,2018,1,48910,4.9,260,140,403,1.6,6.3
TSUKIPROTHEANIMATION,2017,1,124,4,55,40,149,482,3.9
TSUKIUTA.THEANIMATION,2016,1,130,4.2,93,30,38,34,85
TsuredureChildren,2017,1,7161,4.6,851,509,1.5,5.4,43
Tsurune,2017,1,3226,4.8,157,93,325,1.2,16.6
TwinAngelsBREAK,2018,1,210,3.2,86,19,48,145,1.9
TwinStarExorcists,2023,3,7618,4.5,118,39,83,231,954
TWOCAR,2020,1,108,3.6,27,28,93,240,659
UFOUltramaidenValkyrie,2023,1,203,3.8,69,24,61,187,702
Ulysses:Jeanned'ArcandtheAlchemistKnight,2023,1,2201,3,42,22,102,439,3.9
Umamusume:PrettyDerby,2023,1,1782,4.6,140,15,16,39,506
UMAYON,2012,1,184,4.2,13,8,12,36,156
UndeadMurderFarce,2017,1,14546,4.9,14,4,1,5,17
UNDERNINJA,2015,1,2234,4.4,44,35,140,1,3.6
UniteUp!,2011,1,757,4.3,6,6,6,12,33
Upotte!!,2016,1,464,4,39,13,21,76,307
URAHARA,2022,1,149,3.7,110,29,29,79,323
UrawanoUsagi-chan,2022,1,110,3.4,57,43,91,316,2.9
UsagiDrop,2022,2,2529,4.7,50,35,91,282,3
Usakame,2018,1,63,3.7,81,93,244,534,1.1
Utawarerumono,2022,1,639,4.5,490,233,666,2.4,38
UtawarerumonoMaskofTruth,2013,1,1855,4.4,17,4,4,5,35
Uzaki-chanWantstoHangOut!,2022,1,23343,4.7,132,70,255,1.1,12.9
UzaMaid!,2022,1,657,4.3,116,86,222,393,1.2
ValkyrieDrive-Mermaid-,2023,2,1412,4.3,867,579,1.9,5,21.6
ValvravetheLiberator,2019,1,494,4.2,37,14,24,80,233
VAZZROCKTHEANIMATION,2022,1,912,2.1,85,39,112,335,1.6
VenusVersusVirus,2021,1,136,3.6,1.9,700,1.9,6.1,60.1
VINLANDSAGA,2018,1,53257,4.8,393,34,82,162,825
VIRTUALSAN-LOOKING,2019,1,132,2.4,642,295,1.1,4.3,50.7
Vivy-FluoriteEye'sSong-,2019,3,9480,4.9,554,244,605,2.4,20.6
VLADLOVE,2016,1,207,3.6,25,32,106,321,2
VOICEOFFOX,2015,1,463,4.1,517,274,792,2.7,40.4
W'z,2016,2,79,3.8,9,6,5,16,84
WackyTVNanana,2014,4,137,3.1,436,228,671,2.3,27.1
WagamamaHighSpec,2013,1,298,3.3,50,45,58,152,460
Wakakozake,2022,1,637,4.6,24,23,32,50,241
Wakakozake(Drama),2022,1,207,4.4,482,308,927,3.4,25.4
WakeUp,2019,2,209,4.2,641,349,1.3,5.4,42.2
WalkureRomanze,2021,1,878,4,9,4,9,10,51
WanderingWitch:TheJourneyofElaina,2023,1,6711,4.6,67,43,103,210,636
WarlordsofSigrdrifa,2018,1,323,4.1,58,49,72,115,363
WATATEN!:anAngelFlewDowntoMe,2019,3,1550,4.5,56,30,64,133,316
WAVE!!-Let'sgosurfing!!-,2018,1,757,4,1.7,537,822,2,18.5
Wave,2014,1,414,4.6,187,166,481,1.1,6.1
WeRentTsukumogami,2013,1,389,4.4,21,21,21,66,146
WelcometoDemonSchool!Iruma-kun,2018,1,41182,4.8,114,33,58,71,187
WelcometotheJAPARIPARK,2023,1,104,3.4,40,16,44,124,772
WhenSupernaturalBattlesBecameCommonplace,2019,1,2435,4.4,90,63,129,390,2.5
WhiteAlbum2,2019,1,1889,4.6,70,66,154,656,4.8
WhyDidYouCometoJapan?,2020,1,70,4.2,227,147,704,3.5,44.3
WhyRaelianaEndedUpattheDuke'sMansion,2021,1,27850,4.9,13,8,9,27,67
Whythehellareyouhere,2022,1,5549,4.4,15,4,7,16,88
WiseMan'sGrandchild,2014,1,28726,4.7,124,86,363,1.2,5.4
WithaDogANDaCat,2020,1,1107,4.5,28,24,72,400,2.7
WIXOSSDIVA(A)LIVE,2012,2,158,4,68,14,29,13,86
WONDEREGGPRIORITY,2015,1,8478,4.5,229,193,499,1.2,5.4
WonderMomo,2018,2,101,2.6,14,9,19,27,39
WoodpeckerDetective'sOffice,2015,1,244,3.9,39,9,16,30,109
Wooser'sHand-to-MouthLife,2014,2,55,3.3,644,242,373,276,666
Wooser’sHand-to-MouthLife:PhantasmagoricArc,2014,3,49,3.1,101,20,53,172,1.4
WorkingBuddies!,2022,1,158,4.3,16,9,14,24,121
WorldBreak:AriaofCurseforaHolySwordsman,2017,1,5933,4.4,105,58,213,930,13.2
WorldFoolNews,2022,1,54,3,166,58,96,269,1.6
WorldTrigger,2023,1,9163,4.7,77,14,45,92,529
World'sEndHarem,2018,1,15586,2.6,47,16,61,113,227
WorldEnd:Whatdoyoudoattheendoftheworld?Areyoubusy?Willyousaveus,2018,1,6427,4.7,19,15,23,31,61
X,2015,1,630,4.3,11,22,24,21,32
X\u0026Y,2021,1,1753,4.5,46,7,44,374,2.1
XuanYuanSwordLuminary,2019,4,192,3.6,7,8,9,10,29
Yamada'sFirstTime:BGataHKei,2021,1,1993,4.4,28,8,29,98,476
Yamada-kunandtheSevenWitches,2023,1,11303,4.7,130,55,101,216,1.4
Yashahime:PrincessHalf-Demon,2009,1,6040,4.4,661,262,817,2.7,18.9
Yatogame-chanKansatsuNikki,2014,1,423,4.2,48,23,53,118,415
Yes,2018,1,4717,4.3,146,34,93,151,988
YOHANETHEPARHELION-SUNSHINEintheMIRROR,2011,1,1583,4.3,29,30,37,103,295
YokuwakaruGendaiMaho,2012,1,1380,4.3,583,61,58,35,175
YonaoftheDawn,2018,1,18546,4.8,22,16,18,22,58
YotsuiroBiyori,2017,3,1356,4.8,1.1,487,899,2.6,48.2
YouandMe,2015,5,877,4.6,75,8,8,7,34
YouandMe2,2014,2,418,4.6,11,7,12,60,328
YouDon'tKnowGunmaYet,2016,1,133,3.5,21,10,26,34,42
YowamushiPedalNewGeneration,2014,3,2227,4.6,83,25,90,219,1.8
Yu-Gi-Oh!,2017,1,7321,4.5,530,110,306,853,5.5
Yu-Gi-Oh!5D's,2014,3,1622,4.5,126,27,75,155,1.2
Yu-Gi-Oh!ARC-V,2019,1,791,4.2,78,30,62,88,533
Yu-Gi-Oh!GX,2022,1,2387,4.3,224,54,142,298,1.7
Yu-Gi-Oh!VRAINS,2023,1,677,4.4,66,15,23,77,496
Yu-Gi-Oh!ZEXAL,2016,1,1189,3.8,231,61,96,152,649
YU-NO:AGirlWhoChantsLoveattheBoundofThisWorld,2012,1,861,4.1,83,47,88,153,490
YUREIDECO,2011,3,972,3.7,185,36,109,168,474
YuriIsMyJob!,2013,1,4404,4.2,503,148,318,617,2.8
Yuri!!!onICE,2020,1,17326,4.8,188,60,293,1.1,15.6
Yurumates3Dei,2023,1,111,3.9,11,10,13,18,59
YuruYuri,2018,2,2047,4.6,40,34,117,284,1.6
Zapuni,2013,1,70,3.6,17,5,5,8,35
ZoZoZombie,2020,1,80,3.1,29,8,2,6,35
Zom100:BucketListoftheDead,2023,1,45755,4.8,675,326,726,2.4,41.6
ZOMBIELANDSAGA,2018,2,7323,4.6,281,149,335,857,5.7
